Se,Diff,Kunsat,H,DÎ¸Dh
0.0001,8.430881011127877e-8,1.0038558192627421e-14,1650.7151913636137,1.1906891082174662e-7
0.0011008008008008008,5.765109096517819e-6,1.0616211833725138e-11,991.4898742185093,1.8414589656486172e-6
0.0021016016016016017,1.8435383814085256e-5,7.144721567909666e-11,849.652879135514,3.875548043893102e-6
0.0031024024024024024,3.7363257447020206e-5,2.269858334265598e-10,770.7258629780226,6.075108246341149e-6
0.004103203203203203,6.224596264768965e-5,5.224991963351135e-10,716.9379377892649,8.394105803977099e-6
0.005104004004004004,9.29094136675802e-5,1.0041901698361005e-9,676.5626979796206,1.0808271521645632e-5
0.0061048048048048045,0.00012924097738829912,1.7192038474155147e-9,644.4697389210625,1.3302312332800134e-5
0.007105605605605606,0.0001711632716706073,2.7156076301966228e-9,617.9715368640133,1.5865597821842497e-5
0.008106406406406407,0.0002186213948785584,4.042365933885697e-9,595.4909696651949,1.8490257717599795e-5
0.009107207207207207,0.0002715758250880377,5.749315075082227e-9,576.0266504375392,2.1170201998717858e-5
0.010108008008008007,0.00032999810587286106,7.887139925561523e-9,558.9047005615005,2.3900561200797362e-5
0.01110880880880881,0.00039386805120023455,1.0507352695368618e-8,543.6508871425826,2.66773419762013e-5
0.01210960960960961,0.0004631718437595274,1.3662273796421846e-8,529.9193985116488,2.9497202777971788e-5
0.01311041041041041,0.0005379006902687723,1.740501460789865e-8,517.4506616546696,3.23573011204018e-5
0.014111211211211212,0.0006180498404542344,2.178946193554082e-8,506.04509454325324,3.525518576224646e-5
0.015112012012012012,0.0007036178526134424,2.687026396487824e-8,495.5460949985402,3.818871830081375e-5
0.016112812812812814,0.0007946060316980666,3.270281752848377e-8,485.82863244923897,4.115601470907302e-5
0.017113613613613615,0.0008910179913424039,3.934325653003275e-8,476.7913711726103,4.4155400802579046e-5
0.018114414414414415,0.0009928593069868053,4.684844138943556e-8,468.35109354809333,4.71853776862044e-5
0.019115215215215215,0.0011001372372842677,5.52759493923866e-8,460.43866435671436,5.024459450971542e-5
0.020116016016016015,0.0012128604975817987,6.468406584413294e-8,452.9960535159496,5.333182668006752e-5
0.021116816816816816,0.0013310390737250248,7.513177594122666e-8,445.9741018444065,5.644595821741285e-5
0.022117617617617616,0.0014546840675125747,8.667875728684805e-8,439.3308186717628,5.958596730564575e-5
0.02311841841841842,0.001583807567295801,9.93853729852355e-8,433.0300668082111,6.275091433925048e-5
0.02411921921921922,0.001718422538775772,1.1331266525918506e-7,427.04053408988034,6.593993194474192e-5
0.02512002002002002,0.0018585427321846728,1.2852234954169156e-7,421.334919963177,6.915221658133015e-5
0.02612082082082082,0.002004182602878746,1.4507680899884715e-7,415.88928552079057,7.238702141734157e-5
0.02712162162162162,0.002155357243000137,1.630390894462695e-7,410.6825292485314,7.564365024673507e-5
0.02812242242242242,0.0023120823223435603,1.824728946257334e-7,405.6959605057611,7.892145226073793e-5
0.029123223223223225,0.002474374036931026,2.0344258181247302e-7,400.91294974729226,8.221981752799327e-5
0.030124024024024025,0.0026422490640827167,2.260131577268599e-7,396.3186395590751,8.553817306595305e-5
0.031124824824824825,0.0028157245229957044,2.502502747270211e-7,391.899704297255,8.887597940894265e-5
0.032125625625625626,0.0029948179400181045,2.7622022726138394e-7,387.6441488799192,9.22327275960268e-5
0.03312642642642643,0.0031795472179469014,3.039899485622631e-7,383.5411393514504,9.560793651573937e-5
0.034127227227227226,0.0033699306087907888,3.336270075635715e-7,379.5808594083052,9.900115055582253e-5
0.03512802802802803,0.003565986689529746,3.6519960602721333e-7,375.7543882748254,0.00010241193751493586
0.03612882882882883,0.0037677343404778625,3.987765758643163e-7,372.05359624301934,0.00010583988674045935
0.03712962962962963,0.003975192725916625,4.3442737663868954e-7,368.47105490978544,0.00010928460746227505
0.03813043043043043,0.004188381276715237,4.7222209324097627e-7,364.99995970873226,0.00011274572729713833
0.03913123123123123,0.004407319674697207,5.12231433723091e-7,361.63406277853676,0.00011622289090211785
0.040132032032032035,0.0046320278385451365,5.545267272832826e-7,358.36761456308557,0.00011971575875879291
0.04113283283283283,0.004862525911066724,5.991799223931478e-7,355.19531282110233,0.00012322400607253563
0.042133633633633635,0.005098834247667025,6.462635850584597e-7,352.1122579501041,0.0001267473217734344
0.04313443443443443,0.0053409734058939215,6.958508972064267e-7,349.11391371325965,0.00013028540760726029
0.044135235235235236,0.005588964135940845,7.48015655192618e-7,346.19607260711774,0.00013383797730645076
0.04513603603603603,0.005842827372005068,8.028322684211774e-7,343.35482523030123,0.00013740475583239275
0.046136836836836836,0.006102584224412853,8.60375758072535e-7,340.5865331135541,0.00014098547868142107
0.04713763763763764,0.006368255972434007,9.207217559332808e-7,337.88780455430947,0.00014457989124789722
0.04813843843843844,0.006639864057716343,9.839465033231035e-7,335.2554730675403,0.0001481877482385556
0.04913923923923924,0.006917430078280437,1.050126850114247e-6,332.68657812177474,0.0001518088131329969
0.05014004004004004,0.007200975783020445,1.119340253839117e-6,330.17834787686866,0.0001554428576858247
0.05114084084084084,0.007490523066663429,1.1916647788820451e-6,327.72818368017545,0.00015908966146644003
0.052141641641641645,0.007786093965144995,1.2671790957514055e-6,325.3336461114795,0.00016274901143294992
0.05314244244244244,0.008087710651363851,1.3459624804287314e-6,322.9924423955399,0.00016642070153706078
0.054143243243243246,0.008395395431280584,1.4280948137913542e-6,320.7024150252696,0.000170104532357152
0.05514404404404404,0.008709170740331656,1.5136565811056696e-6,318.4615314591281,0.0001738003107570294
0.056144844844844846,0.009029059140130762,1.6027288715881447e-6,316.267874773843,0.0001775078495681371
0.05714564564564564,0.009355083315433443,1.6953933780312725e-6,314.11963516861283,0.00018122696729320586
0.05814644644644645,0.009687266071343039,1.7917323964920621e-6,312.01510222981784,0.000184957487829552
0.05914724724724725,0.010025630330738278,1.8918288260406527e-6,309.9526578763808,0.00018869924021039985
0.06014804804804805,0.01037019913190479,1.995766168566841e-6,307.93076991549674,0.00019245205836276551
0.06114884884884885,0.010720995626353785,2.103628528642362e-6,305.94798614674437,0.00019621578088058664
0.06214964964964965,0.01107804307681382,2.215500613437008e-6,304.0029289597922,0.00019999025081189815
0.06315045045045045,0.011441364855382686,2.3314677326867585e-6,302.0942903771717,0.00020377531545896817
0.06415125125125125,0.011810984441825947,2.4516157987119963e-6,300.2208274990421,0.00020757082619041897
0.06515205205205205,0.012186925422012653,2.576031326484327e-6,298.3813583116493,0.00021137663826442774
0.06615285285285286,0.012569211486477461,2.7048014337403618e-6,296.5747578253511,0.00021519261066219725
0.06715365365365365,0.012957866429099756,2.8380138411409208e-6,294.7999545117475,0.0002190186059309527
0.06815445445445445,0.013352914145892056,2.9757568724743327e-6,293.05592701268193,0.00022285449003578043
0.06915525525525526,0.013754378633889803,3.118119454902492e-6,291.3417010967153,0.0002267001322196896
0.07015605605605606,0.014162283990134642,3.265191119248308e-6,289.65634684118004,0.00023055540487133428
0.07115685685685685,0.014576654410746792,3.417062000323529e-6,287.9989760201527,0.0002344201833998523
0.07215765765765766,0.014997514190077714,3.5738228372954757e-6,286.36873968063026,0.0002382943461163651
0.07315845845845846,0.015424887719940826,3.7355649740921996e-6,284.7648258909516,0.00024217777412168613
0.07415925925925926,0.015858799488912445,3.902380359844283e-6,283.186457647061,0.0002460703511998245
0.07516006006006005,0.016299274081700177,4.074361549362894e-6,281.63289092357917,0.00024997196371692016
0.07616086086086087,0.01674633617857337,4.251601703652868e-6,280.1034128578915,0.000253882500525262
0.07716166166166166,0.017200010554852815,4.434194590460139e-6,278.59734005656003,0.0002578018528720655
0.07816246246246246,0.017660322080454743,4.622234584852389e-6,277.1140170143536,0.0002617299143127162
0.07916326326326327,0.018127295719487024,4.815816669832473e-6,275.65281463707186,0.00026566658062820823
0.08016406406406407,0.018600956529893336,5.015036436983493e-6,274.21312886013465,0.0002696117497465197
0.08116486486486486,0.019081329663143454,5.219990087145114e-6,272.7943793556198,0.0002735653216676921
0.08216566566566566,0.019568440363965975,5.430774431120189e-6,271.3960083210728,0.0002775271983923975
0.08316646646646647,0.020062313970122085,5.6474868904112305e-6,270.0174793439938,0.00028149728385378587
0.08416726726726727,0.020562975912216726,5.870225497985736e-6,268.658276336427,0.0002854754838524204
0.08516806806806806,0.021070451713546944,6.099088899070543e-6,267.3179025345441,0.00028946170599414446
0.08616886886886888,0.02158476698998248,6.334176351973294e-6,265.9958795585553,0.0002934558596306828
0.08716966966966967,0.022105947449880536,6.575587728932245e-6,264.6917465286443,0.00029745785580286363
0.08817047047047047,0.02263401889402928,6.823423516992017e-6,263.40505923300236,0.0003014676071862782
0.08917127127127127,0.023169007215621432,7.077784818906369e-6,262.1353893443274,0.00030548502803927894
0.09017207207207208,0.023710938400254216,7.338773354066435e-6,260.8823236814636,0.0003095100341531718
0.09117287287287287,0.0242598385259558,7.606491459454549e-6,259.64546351310986,0.00031354254280449155
0.09217367367367367,0.024815733763236102,7.881042090622877e-6,258.42442390076974,0.00031758247270924735
0.09317447447447448,0.025378650375161304,8.162528822696915e-6,257.2188330783288,0.00032162974397904854
0.09417527527527528,0.025948614717450007,8.451055851402575e-6,256.02833186585497,0.00032568427807899204
0.09517607607607607,0.02652565323859071,8.746727994117595e-6,254.8525731153862,0.0003297459977872463
0.09617687687687687,0.027109792479980393,9.049650690945869e-6,253.69122118665032,0.0003338148271562282
0.09717767767767768,0.027701059076080992,9.359930005815229e-6,252.54395145080414,0.00033789069147530316
0.09817847847847848,0.028299479754594646,9.677672627597387e-6,251.41044982042573,0.0003419735172349287
0.09917927927927928,0.028905081336657087,1.0002985871250778e-5,250.29041230411738,0.0003460632320921757
0.10018008008008009,0.029517890737046946,1.0335977678985042e-5,249.18354458419893,0.00035015976483755636
0.10118088088088088,0.03013793496441156,1.0676756621447506e-5,248.08956161607563,0.00035426304536310054
0.10218168168168168,0.030765241121508073,1.1025431898930872e-5,247.00818724796883,0.000358373004631612
0.10318248248248248,0.03139983640545897,1.1382113342602468e-5,245.93915385978102,0.00036248957464707197
0.10418328328328329,0.03204174810802212,1.1746911415754e-5,244.88220201996543,0.0003666126884261034
0.10518408408408408,0.03269100361587395,1.2119937215072189e-5,243.83708015933283,0.00037074227997047613
0.10618488488488488,0.033347630410906125,1.2501302471930079e-5,242.8035442608085,0.00037487828424059806
0.10718568568568569,0.034011656070534274,1.2891119553698004e-5,241.78135756422196,0.00037902063712993154
0.10818648648648649,0.034683108268018625,1.32895014650748e-5,240.7702902852626,0.000383169275440318
0.10918728728728729,0.03536201477279728,1.3696561849439048e-5,239.77011934780074,0.00038732413685815543
0.11018808808808808,0.03604840345082961,1.4112414990219582e-5,238.78062812882158,0.0003914851599313978
0.11118888888888889,0.03674230226495031,1.4537175812285128e-5,237.80160621527054,0.00039565228404733413
0.11218968968968969,0.03744373927523548,1.4970959883353794e-5,236.83284917215124,0.0003998254494111191
0.11319049049049049,0.03815274263937644,1.5413883415420914e-5,235.87415832125885,0.0004040045970250289
0.1141912912912913,0.03886934061306591,1.5866063266206232e-5,234.92534052997613,0.0004081896686683916
0.1151920920920921,0.0395935615503908,1.6327616940619124e-5,233.98620800958608,0.00041238060687818936
0.11619289289289289,0.040325433904237366,1.6798662592243287e-5,233.0565781225969,0.00041657735493028623
0.11719369369369369,0.041064986226701766,1.727931902483859e-5,232.13627319860296,0.00042077985682126013
0.1181944944944945,0.04181224716951278,1.77697056938624e-5,231.22512035823203,0.0004249880572508216
0.1191952952952953,0.042567245484460024,1.826994270800786e-5,230.32295134476192,0.0004292019016047831
0.12019609609609609,0.04333001002383205,1.8780150830761018e-5,229.4296023630074,0.00043342133593857234
0.1211968968968969,0.04410056974086156,1.9300451481975007e-5,228.5449139251108,0.00043764630696124763
0.1221976976976977,0.044878953690179,1.983096673946276e-5,227.66873070288034,0.0004418767620200207
0.1231984984984985,0.045665191028273454,2.0371819340606553e-5,226.80090138635353,0.00044611264908523887
0.12419929929929929,0.04645931101396052,2.0923132683985418e-5,225.94127854826965,0.0004503539167358345
0.1252001001001001,0.047261343008858384,2.1485030831020173e-5,225.0897185141614,0.00045460051414521056
0.12620090090090091,0.04807131647786937,2.205763850763496e-5,224.24608123779115,0.0004588523910675434
0.1272017017017017,0.04888926098967038,2.2641081105936826e-5,223.41023018166953,0.000463109497824493
0.1282025025025025,0.04971520621720866,2.3235484685912015e-5,222.58203220241097,0.00046737178529230705
0.1292033033033033,0.05054918193820492,2.3840975977139162e-5,221.7613574406967,0.00047163920488929264
0.1302041041041041,0.051391218035661934,2.4457682380519657e-5,220.94807921562142,0.00047591170856366405
0.1312049049049049,0.05224134449838161,2.508573197002491e-5,220.14207392322317,0.0004801892487817201
0.1322057057057057,0.05309959142148572,2.5725253494460034e-5,219.34322093899385,0.00048447177851637495
0.1332065065065065,0.05396598900694555,2.6376376379244933e-5,218.55140252419045,0.0004887592512360004
0.13420730730730732,0.0548405675641145,2.7039230728210954e-5,217.7665037357683,0.0004930516208935875
0.1352081081081081,0.05572335751027017,2.7713947325415497e-5,216.98841233977268,0.0004973488419162044
0.1362089089089089,0.05661438937115975,2.8400657636972157e-5,216.21701872802964,0.0005016508691947474
0.13720970970970972,0.05751369378155231,2.9099493812897857e-5,215.45221583798872,0.0005059576580739735
0.1382105105105105,0.05842130148579684,2.9810588688976053e-5,214.6938990755761,0.0005102691643427952
0.13921131131131131,0.05933724333838531,3.053407578863672e-5,213.94196624092214,0.0005145853442248505
0.14021211211211212,0.06026155030452294,3.127008932485239e-5,213.19631745684146,0.0005189061543693045
0.1412129129129129,0.06119425346070165,3.201876420205076e-5,212.45685509993697,0.0005232315518419209
0.14221371371371372,0.062135383995281644,3.278023601804345e-5,211.72348373422267,0.0005275614941163423
0.1432145145145145,0.06308497320907666,3.35546410659709e-5,210.99611004714916,0.0005318959390656136
0.1442153153153153,0.06404305251594498,3.434211633626371e-5,210.27464278793153,0.0005362348449539231
0.14521611611611612,0.06500965344338648,3.5142799518620075e-5,209.55899270808231,0.0005405781704285519
0.1462169169169169,0.06598480763314446,3.595682900399913e-5,208.84907250405507,0.0005449258745120272
0.14721771771771772,0.06696854684181264,3.6784343886631064e-5,208.14479676190788,0.0005492779165944856
0.14821851851851853,0.06796090294144798,3.762548396604247e-5,207.4460819039077,0.0005536342564262114
0.1492193193193193,0.06896190792018862,3.848038974909876e-5,206.75284613698875,0.000557994854110375
0.15022012012012012,0.06997159388287658,3.9349202452062105e-5,206.06500940299253,0.0005623596700959477
0.15122092092092093,0.07098999305168537,4.023206400266508e-5,205.38249333061583,0.0005667286651707869
0.15222172172172171,0.07201713776675507,4.1129117042201545e-5,204.70522118899734,0.0005711018004548882
0.15322252252252253,0.07305306048682868,4.204050492763232e-5,204.03311784287382,0.0005754790373938152
0.15422332332332334,0.0740977937898979,4.296637173370802e-5,203.36610970924846,0.0005798603377522669
0.15522412412412412,0.07515137037384965,4.390686225510664e-5,202.70412471550526,0.0005842456636078171
0.15622492492492493,0.07621382305712208,4.486212200858888e-5,202.04709225891605,0.0005886349773447898
0.1572257257257257,0.07728518477936212,4.58322972351679e-5,201.39494316748386,0.0005930282416482847
0.15822652652652652,0.07836548860208994,4.681753490229615e-5,200.7476096620698,0.0005974254194983424
0.15922732732732733,0.07945476770936852,4.7817982706068e-5,200.10502531975524,0.0006018264741642405
0.16022812812812812,0.08055305540847693,4.88337890734381e-5,199.46712503838955,0.0006062313691989282
0.16122892892892893,0.081660385130591,4.98651031644564e-5,198.83384500228016,0.0006106400684335777
0.16222972972972974,0.08277679043146617,5.091207487451894e-5,198.20512264897786,0.0006150525359722765
0.16323053053053052,0.08390230499212832,5.197485483663475e-5,197.5808966371207,0.0006194687361868184
0.16423133133133133,0.08503696261956732,5.3053594423708886e-5,196.96110681529163,0.0006238886337116309
0.16523213213213214,0.08618079724743737,5.414844575084145e-5,196.34569419185624,0.0006283121934387952
0.16623293293293293,0.08733384293676126,5.525956167764343e-5,195.7346009057394,0.0006327393805132
0.16723373373373374,0.08849613387664074,5.6387095810567936e-5,195.12777019811116,0.0006371701603277808
0.16823453453453455,0.08966770438497104,5.753120250525767e-5,194.52514638494506,0.0006416044985188704
0.16923533533533533,0.09084858890916131,5.869203686890976e-5,193.9266748304165,0.000646042360961659
0.17023613613613614,0.09203882202685909,5.986975476265491e-5,193.33230192111415,0.0006504837137657358
0.17123693693693692,0.09323843844668257,6.106451280395479e-5,192.7419750410322,0.0006549285232707313
0.17223773773773773,0.0944474730089537,6.227646836901443e-5,192.15564254731405,0.0006593767560420654
0.17323853853853854,0.0956659606864404,6.350577959521127e-5,191.5732537467253,0.0006638283788667638
0.17423933933933933,0.0968939365851026,6.475260538354106e-5,190.99475887282617,0.0006682833587493723
0.17524014014014014,0.09813143594484304,6.601710540107974e-5,190.4201090638189,0.0006727416629079608
0.17624094094094095,0.09937849414026324,6.729944008346166e-5,189.84925634104877,0.0006772032587702017
0.17724174174174173,0.10063514668142604,6.859977063737456e-5,189.28215358813435,0.0006816681139695276
0.17824254254254254,0.10190142921462238,6.991825904307097e-5,188.71875453070408,0.000686136196341376
0.17924334334334335,0.10317737752314264,7.125506805689623e-5,188.15901371672095,0.0006906074739195008
0.18024414414414414,0.10446302752805545,7.261036121383286e-5,187.6028864973725,0.0006950819149323624
0.18124494494494495,0.10575841528899002,7.39843028300621e-5,187.05032900850836,0.0006995594877995891
0.18224574574574576,0.10706357700492472,7.537705800554182e-5,186.50129815260607,0.0007040401611285089
0.18324654654654654,0.10837854901498081,7.678879262660045e-5,185.95575158124802,0.0007085239037107443
0.18424734734734735,0.10970336779922081,7.821967336854944e-5,185.4136476780909,0.0007130106845188851
0.18524814814814816,0.11103806997945435,7.966986769831104e-5,184.874945542313,0.0007175004727032139
0.18624894894894894,0.112382692320048,8.113954387706335e-5,184.3396049725226,0.0007219932375884967
0.18724974974974976,0.11373727172874053,8.262887096290267e-5,183.80758645111166,0.0007264889486708438
0.18825055055055054,0.11510184525746413,8.413801881352272e-5,183.2788511290412,0.0007309875756146189
0.18925135135135135,0.11647645010317192,8.566715808891027e-5,182.75336081104368,0.0007354890882494138
0.19025215215215216,0.11786112360866981,8.721646025405863e-5,182.2310779412294,0.0007399934565670731
0.19125295295295294,0.11925590326345406,8.878609758169826e-5,181.71196558908179,0.000744500650718787
0.19225375375375375,0.1206608267045568,9.037624315504442e-5,181.19598743583313,0.0007490106410122195
0.19325455455455456,0.12207593171739357,9.198707087056171e-5,180.68310776120362,0.000753523397908707
0.19425535535535535,0.12350125623662041,9.361875544074647e-5,180.17329143049682,0.0007580388920204908
0.19525615615615616,0.12493683834699273,9.527147239692657e-5,179.6665038820353,0.0007625570941080228
0.19625695695695697,0.12638271628423495,9.694539809207829e-5,179.16271111493205,0.0007670779750772875
0.19725775775775775,0.12783892843591071,9.86407097036611e-5,178.66187967717966,0.000771601505977207
0.19825855855855856,0.12930551334230386,0.00010035758523647013,178.1639766540544,0.0007761276579970618
0.19925935935935937,0.13078250969730126,0.00010209620352550582,177.66896965681983,0.0007806564024639803
0.20026016016016016,0.1322699563492848,0.00010385674423886135,177.1768268117252,0.0007851877108404514
0.20126096096096097,0.1337678923020272,0.00010563938788062834,176.6875167492856,0.0007897215547218988
0.20226176176176175,0.13527635671559504,0.00010744431579382036,176.2010085938381,0.000794257905834286
0.20326256256256256,0.13679538890725823,0.00010927171016331382,175.71727195336433,0.0007987967360317652
0.20426336336336337,0.13832502835240504,0.00011112175401880789,175.23627690957144,0.0008033380172943651
0.20526416416416415,0.13986531468546184,0.00011299463123780069,174.75799400822376,0.000807881721725721
0.20626496496496496,0.14141628770082298,0.00011489052654858618,174.28239424971773,0.000812427821550838
0.20726576576576577,0.14297798735378336,0.0001168096255332675,173.8094490798927,0.0008169762891138962
0.20826656656656656,0.14455045376147851,0.00011875211463078868,173.33913038107062,0.0008215270968760884
0.20926736736736737,0.14613372720383222,0.00012071818113998596,172.87141046331809,0.0008260802174134941
0.21026816816816818,0.14772784812450845,0.0001227080132226563,172.40626205592358,0.0008306356234149918
0.21126896896896896,0.14933285713187158,0.00012472179990664496,171.94365829908435,0.0008351932876801969
0.21226976976976977,0.1509487949999523,0.00012675973108895234,171.48357273579632,0.0008397531831174431
0.21327057057057058,0.15257570266942067,0.00012882199753885866,171.02597930394123,0.0008443152827417865
0.21427137137137137,0.15421362124856516,0.0001309087909010677,170.57085232856588,0.0008488795596730449
0.21527217217217218,0.15586259201427827,0.00013302030369887003,170.1181665143461,0.0008534459871338739
0.21627297297297296,0.15752265641305022,0.0001351567293373238,169.66789693823353,0.000858014538447858
0.21727377377377377,0.1591938560619679,0.00013731826210645702,169.220019042276,0.0008625851870376482
0.21827457457457458,0.16087623274972174,0.00013950509718448664,168.77450862660982,0.0008671579064231161
0.21927537537537536,0.16256982843761875,0.0001417174306410583,168.33134184261732,0.0008717326702195423
0.22027617617617617,0.164274685260603,0.00014395545944050514,167.89049518624552,0.0008763094521358314
0.22127697697697699,0.16599084552828305,0.0001462193814451251,167.45194549148226,0.0008808882259727444
0.22227777777777777,0.16771835172596652,0.00014850939541848025,167.01566992398318,0.0008854689656211766
0.22327857857857858,0.16945724651570032,0.00015082570102871204,166.58164597484782,0.0008900516450604428
0.2242793793793794,0.17120757273732146,0.00015316849885188108,166.14985145453937,0.000894636238356599
0.22528018018018017,0.17296937340951155,0.00015553799037532198,165.72026448694456,0.0008992227196607801
0.22628098098098098,0.17474269173086174,0.00015793437800102188,165.29286350356975,0.0009038110632075647
0.2272817817817818,0.17652757108094072,0.00016035786504901584,164.86762723786913,0.00090840124331337
0.22828258258258258,0.17832405502137466,0.00016280865576080513,164.44453471970215,0.0009129932343748588
0.2292833833833834,0.18013218729693323,0.0001652869553027954,164.0235652699162,0.0009175870108673765
0.23028418418418417,0.18195201183662166,0.00016779296976975283,163.6046984950518,0.0009221825473434034
0.23128498498498498,0.18378357275478086,0.0001703269061882833,163.18791428216548,0.0009267798184310381
0.2322857857857858,0.18562691435219872,0.00017288897252033228,162.77319279376965,0.0009313787988324897
0.23328658658658658,0.18748208111722184,0.00017547937766670176,162.36051446288386,0.0009359794633226015
0.23428738738738739,0.18934911772688418,0.00017809833147059412,161.94985998819607,0.0009405817867473874
0.2352881881881882,0.19122806904803508,0.0001807460447211702,161.54121032933102,0.0009451857440225898
0.23628898898898898,0.19311898013848153,0.0001834227291571341,161.13454670222163,0.000949791310132259
0.2372897897897898,0.19502189624813465,0.00018612859747033563,160.7298505745821,0.0009543984601273506
0.2382905905905906,0.19693686282016534,0.00018886386330939467,160.32710366147958,0.000959007169124337
0.23929139139139138,0.19886392549216927,0.00019162874128334845,159.92628792100172,0.0009636174123038434
0.2402921921921922,0.20080313009733916,0.0001944234469653186,159.527385550018,0.0009682291649092919
0.241292992992993,0.20275452266564284,0.00019724819689619983,159.13037898003137,0.0009728424022455797
0.2422937937937938,0.2047181494250152,0.0002001032085883719,158.73525087311992,0.0009774570996777514
0.2432945945945946,0.2066940568025537,0.0002029887005294327,158.34198411796396,0.0009820732326297093
0.24429539539539538,0.20868229142572417,0.00020590489218595193,157.95056182595826,0.0009866907765829244
0.2452961961961962,0.21068290012357524,0.00020885200400724854,157.56096732740627,0.0009913097070751694
0.246296996996997,0.2126959299279606,0.00021183025742919012,157.17318416779386,0.0009959299996992717
0.24729779779779779,0.21472142807477138,0.00021483987487801374,156.78719610414254,0.001000551630101869
0.2482985985985986,0.21675944200517763,0.00021788107977417233,156.40298710143747,0.0010051745739821933
0.2492993993993994,0.21881001936687472,0.00022095409653619783,156.02054132913094,0.0010097988070908589
0.2503002002002002,0.22087320801534296,0.00022405915058459306,155.639843157717,0.0010144243052286758
0.251301001001001,0.22294905601511558,0.0002271964683457428,155.26087715537878,0.0010190510442454586
0.2523018018018018,0.22503761164105382,0.00023036627725585046,154.88362808470228,0.001023679000038874
0.2533026026026026,0.22713892337963365,0.0002335688057648948,154.50808089945997,0.001028308148553273
0.2543034034034034,0.22925303993023863,0.00023680428334061268,154.13422074145757,0.0010329384657785645
0.2553042042042042,0.23138001020646487,0.00024007294047250383,153.7620329374468,0.001037569927749083
0.256305005005005,0.23351988333743517,0.00024337500867586018,153.39150299609952,0.0010422025105424723
0.2573058058058058,0.23567270866912016,0.000246710720495817,153.02261660504345,0.0010468361902785867
0.2583066066066066,0.23783853576567388,0.00025008030951143104,152.65535962795724,0.0010514709431183942
0.25930740740740743,0.24001741441077235,0.00025348401033977927,152.28971810172317,0.0010561067452629076
0.2603082082082082,0.24220939460896726,0.000256922058640083,151.9256782336374,0.0010607435729521081
0.261309009009009,0.24441452658704813,0.00026039469111785847,151.56322639867497,0.0010653814024638958
0.26230980980980984,0.24663286079541402,0.0002639021455290884,151.2023491368094,0.0010700202101130373
0.2633106106106106,0.2488644479094534,0.0002674446606844191,150.84303315038449,0.001074659972250138
0.2643114114114114,0.2511093388309377,0.0002710224764533849,150.48526530153788,0.0010793006652606175
0.26531221221221224,0.2533675846894231,0.00027463583376865385,150.1290326096755,0.0010839422655636918
0.266313013013013,0.2556392368436614,0.0002782849746303003,149.77432224899437,0.0010885847496113757
0.2673138138138138,0.25792434688302507,0.00028197014211010275,149.42112154605445,0.0010932280938874802
0.2683146146146146,0.26022296662893835,0.0002856915803558661,149.0694179773964,0.0010978722749066358
0.2693154154154154,0.26253514813632123,0.0002894495345957719,148.71919916720532,0.0011025172692133221
0.2703162162162162,0.2648609436950436,0.0002932442511427488,148.37045288502057,0.0011071630533808913
0.271317017017017,0.26720040583139176,0.0002970759773988752,148.0231670434881,0.0011118096040106146
0.27231781781781783,0.2695535873095425,0.00030094496185980473,147.67732969615554,0.0011164568977307429
0.2733186186186186,0.27192054113305014,0.0003048514541192174,147.3329290353099,0.0011211049111955623
0.2743194194194194,0.2743013205463459,0.00030879570487329797,146.98995338985597,0.0011257536210844596
0.27532022022022024,0.2766959790362451,0.0003127779659252416,146.64839122323406,0.0011304030041010102
0.276321021021021,0.27910457033346786,0.00031679849018978354,146.30823113137748,0.001135053036972056
0.2773218218218218,0.2815271484141715,0.00032085753169775946,145.96946184070794,0.001139703696446805
0.27832262262262264,0.28396376750149277,0.0003249553456006894,145.6320722061684,0.001144354959295929
0.2793234234234234,0.28641448206710246,0.00032909218817538945,145.29605120929241,0.0011490068023106747
0.2803242242242242,0.288879346832771,0.000333268316828613,144.96138795630884,0.0011536592023019849
0.28132502502502504,0.29135841677194957,0.0003374839901017187,144.6280716762824,0.0011583121360996145
0.2823258258258258,0.2938517471113534,0.00034173946767536087,144.29609171928698,0.0011629655805512726
0.2833266266266266,0.29635939333257233,0.0003460350103742184,143.96543755461425,0.0011676195125217457
0.28432742742742745,0.29888141117367595,0.000350370880171741,143.63609876901265,0.001172273908892063
0.28532822822822823,0.30141785663084697,0.00035474734019493097,143.30806506496074,0.0011769287465586281
0.286329029029029,0.3039687859600139,0.0003591646547291488,142.9813262589698,0.0011815840024323935
0.28732982982982985,0.30653425567850545,0.00036362308922295095,142.65587227991836,0.0011862396534380174
0.28833063063063064,0.30911432256671306,0.00036812291029295356,142.33169316741646,0.0011908956765130326
0.2893314314314314,0.3117090436697664,0.0003726643857287273,142.0087790701987,0.0011955520486070298
0.29033223223223226,0.31431847629922116,0.00037724778449772035,141.68712024454604,0.0012002087466808425
0.29133303303303304,0.3169426780347632,0.0003818733767502091,141.36670705273687,0.0012048657477057227
0.2923338338338338,0.31958170672592107,0.00038654143382428423,141.0475299615235,0.0012095230286625542
0.29333463463463466,0.3222356204937944,0.0003912522282508579,140.72957954063773,0.0012141805665410372
0.29433543543543544,0.3249044777327944,0.0003960060337587083,140.41284646132095,0.0012188383383389032
0.2953362362362362,0.32758833711240115,0.00040080312527955196,140.09732149488164,0.0012234963210611175
0.296337037037037,0.3302872575789252,0.0004056437789531442,139.782995511276,0.0012281544917191118
0.29733783783783785,0.3330012983572966,0.0004105282721324138,139.46985947771617,0.0012328128273299823
0.29833863863863863,0.3357305189528533,0.00041545688338862465,139.1579044572998,0.0012374713049157363
0.2993394394394394,0.33847497915315594,0.00042042989251657377,138.8471216076654,0.0012421299015025102
0.30034024024024025,0.3412347390298059,0.0004254475805398137,138.53750217966956,0.0012467885941198152
0.30134104104104104,0.344009858940286,0.0004305102297159119,138.22903751608786,0.0012514473597997691
0.3023418418418418,0.346800399529811,0.0004356181235417397,137.92171905033766,0.0012561061755763459
0.30334264264264266,0.3496064217331938,0.00044077154675879206,137.61553830522266,0.0012607650184846204
0.30434344344344344,0.3524279867767233,0.0004459707853585408,137.3104868916986,0.0012654238655600313
0.3053442442442442,0.35526515618006377,0.0004512161265878205,137.00655650766083,0.0012700826938376265
0.30634504504504506,0.3581179917581615,0.0004565078589542466,136.70373893675117,0.0012747414803513366
0.30734584584584584,0.36098655562317017,0.00046184627223166275,136.40202604718593,0.001279400202133231
0.3083466466466466,0.36387091018639156,0.0004672316574656284,136.10140979060284,0.001284058836212795
0.30934744744744747,0.36677111816023134,0.0004726643069789324,135.80188220092822,0.001288717359616194
0.31034824824824825,0.3696872425601668,0.0004781445143771442,135.5034353932617,0.0012933757493655625
0.31134904904904903,0.37261934670673674,0.00048367257455419723,135.20606156278112,0.0012980339824782714
0.31234984984984987,0.3755674942275388,0.000489248783698007,134.9097529836639,0.0013026920359662274
0.31335065065065065,0.3785317490592523,0.000494873439296121,134.61450200802827,0.0013073498868351398
0.31435145145145144,0.38151217544966565,0.0005005468401414071,134.32030106488946,0.0013120075120838343
0.3153522522522523,0.38450883795973173,0.0005062692863377729,134.02714265913554,0.0013166648887035276
0.31635305305305306,0.38752180146562965,0.0005120410793059216,133.73501937051807,0.0013213219936771374
0.31735385385385384,0.39055113116085,0.0005178625217891412,133.44392385266087,0.0013259788039785693
0.3183546546546547,0.3935968925582909,0.000523733917859134,133.15384883208282,0.0013306352965720381
0.31935545545545546,0.3966591514923765,0.000529655572921873,132.86478710723935,0.0013352914484113512
0.32035625625625624,0.39973797412118905,0.0005356277937235046,132.5767315475767,0.001339947236439232
0.3213570570570571,0.40283342692861546,0.0005416508883562789,132.28967509260266,0.001344602637586634
0.32235785785785787,0.40594557672651893,0.0005477251662645195,132.00361075097297,0.001349257628772036
0.32335865865865865,0.40907449065692003,0.0005538509382506313,131.71853159959073,0.001353912186900775
0.3243594594594595,0.4122202361942002,0.0005600285164811443,131.43443078272136,0.0013585662888643596
0.32536026026026027,0.4153828811473187,0.000566258214492791,131.1513015111213,0.001363219911539788
0.32636106106106105,0.418562493662057,0.0005725403471986292,130.8691370611804,0.0013678730317888738
0.32736186186186184,0.42175914222326344,0.000578875230894193,130.58793077407805,0.0013725256264575725
0.3283626626626627,0.4249728956571382,0.0005852631832636903,130.30767605495274,0.0013771776723753035
0.32936346346346346,0.42820382313351907,0.000591704523386231,130.0283663720845,0.001381829146354283
0.33036426426426424,0.4314519941681943,0.0005981995717421003,129.7499952560898,0.0013864800251888563
0.3313650650650651,0.4347174786252324,0.0006047486502190662,129.47255629912985,0.001391130285654828
0.33236586586586586,0.4380003467193305,0.0006113520821187286,129.19604315413045,0.0013957799045088003
0.33336666666666664,0.4413006690181842,0.0006180101921629065,128.9204495340148,0.0014004288584875016
0.3343674674674675,0.44461851644487177,0.000624723306500065,128.64576921094698,0.001405077124307135
0.33536826826826827,0.4479539602802639,0.0006314917527117831,128.37199601558834,0.0014097246786627102
0.33636906906906905,0.4513070721654468,0.0006383158598192608,128.0991238363644,0.0014143714982273923
0.3373698698698699,0.4546779241041743,0.0006451959582898672,127.82714661874391,0.0014190175596518338
0.33837067067067067,0.45806658846532855,0.0006521323800437291,127.55605836452774,0.0014236628395635311
0.33937147147147145,0.46147313798541245,0.0006591254584603611,127.28585313115016,0.001428307314566155
0.3403722722722723,0.4648976457710529,0.0006661755283853375,127.01652503098894,0.0014329509612389121
0.3413730730730731,0.4683401853015312,0.0006732829261370033,126.74806823068768,0.0014375937561358822
0.34237387387387386,0.47180083043133225,0.0006804479895132324,126.48047695048683,0.0014422356757853724
0.3433746746746747,0.47527965539271605,0.0006876710577982245,126.21374546356614,0.0014468766966892635
0.3443754754754755,0.4787767347983052,0.0006949524717693412,125.9478680953959,0.0014515167953223628
0.34537627627627626,0.4822921436437057,0.0007022925737039951,125.68283922309881,0.0014561559481317513
0.3463770770770771,0.48582595731013467,0.0007096917073865747,125.41865327482034,0.0014607941315361442
0.3473778778778779,0.48937825156708165,0.0007171502181154096,125.15530472910953,0.0014654313219252368
0.34837867867867867,0.49294910257498764,0.0007246684527097943,124.89278811430829,0.0014700674956590622
0.3493794794794795,0.49653858688794655,0.0007322467595170366,124.63109800795019,0.00147470262906734
0.3503802802802803,0.5001467814564294,0.0007398854884195679,124.37022903616746,0.0014793366984488401
0.35138108108108107,0.5037737636300333,0.0007475849908420877,124.11017587310774,0.001483969680070729
0.3523818818818819,0.507419611160249,0.0007553456197587585,123.85093324035799,0.001488601550167937
0.3533826826826827,0.5110844022032599,0.0007631677297004447,123.5924959063787,0.001493232284942497
0.3543834834834835,0.5147682153227551,0.0007710516767619975,123.33485868594404,0.0014978618605629237
0.35538428428428426,0.5184711294927732,0.0007789978186095873,123.07801643959269,0.0015024902531635476
0.3563850850850851,0.5221932241005677,0.0007870065144880802,122.8219640730843,0.0015071174388438884
0.3573858858858859,0.5259345789494949,0.0007950781252284646,122.56669653686527,0.0015117433936680086
0.35838668668668666,0.5296952742619343,0.0008032130132553241,122.31220882554221,0.0015163680936638587
0.3593874874874875,0.533475390682219,0.0008114115425943584,122.05849597736156,0.0015209915148226593
0.3603882882882883,0.5372750092796094,0.0008196740788799494,121.80555307369899,0.0015256136330982287
0.36138908908908907,0.5410942115512757,0.0008280009893627806,121.5533752385537,0.001530234424406362
0.3623898898898899,0.5449330794253188,0.0008363926429175063,121.30195763805156,0.001534853864624181
0.3633906906906907,0.5487916952638074,0.0008448494100504591,121.05129547995475,0.0015394719295894882
0.36439149149149147,0.5526701418658476,0.0008533716629074241,120.80138401317824,0.0015440885951001262
0.3653922922922923,0.5565685024706789,0.0008619597752814488,120.55221852731334,0.001548703836913334
0.3663930930930931,0.5604868607607876,0.0008706141226207071,120.3037943521578,0.0015533176307451033
0.3673938938938939,0.5644253008650649,0.0008793350820364236,120.05610685725286,0.0015579299522695263
0.3683946946946947,0.56838390736197,0.0008881230323108326,119.80915145142582,0.0015625407771181665
0.3693954954954955,0.5723627652827423,0.0008969783539052022,119.56292358234077,0.0015671500808793922
0.3703962962962963,0.5763619601146257,0.0009059014289679076,119.31741873605331,0.0015717578390977498
0.3713970970970971,0.5803815778041284,0.0009148926413425502,119.07263243657357,0.001576364027273304
0.3723978978978979,0.5844217047603086,0.0009239523765761367,118.82856024543388,0.0015809686208609946
0.3733986986986987,0.5884824278580927,0.0009330810219273094,118.58519776126327,0.0015855715952699842
0.3743994994994995,0.592563834441615,0.0009422789663746311,118.34254061936684,0.0015901729258630188
0.3754003003003003,0.5966660123275928,0.000951546600624921,118.10058449131225,0.001594772587955764
0.3764011011011011,0.6007890498087339,0.000960884317121649,117.85932508452066,0.001599370556816164
0.3774019019019019,0.6049330356571616,0.0009702925100533809,117.61875814186394,0.0016039668076637862
0.3784027027027027,0.6090980591278835,0.0009797715753622823,117.37887944126729,0.0016085613156691637
0.3794035035035035,0.6132842099622836,0.0009893219107526812,117.13968479531678,0.0016131540559531502
0.38040430430430433,0.6174915783916475,0.0009989439156996777,116.90117005087302,0.0016177450035862544
0.3814051051051051,0.6217202551407157,0.0010086379914578181,116.66333108868928,0.0016223341335879916
0.3824059059059059,0.6259703314312736,0.001018404541069824,116.42616382303537,0.0016269214209262176
0.3834067067067067,0.6302418989857695,0.001028243969375379,116.18966420132587,0.0016315068405164796
0.3844075075075075,0.6345350500309659,0.0010381566830199775,115.95382820375423,0.0016360903672213451
0.3854083083083083,0.638849877301621,0.0010481430904638197,115.71865184293087,0.001640671975849748
0.3864091091091091,0.6431864740442124,0.0010582036019907838,115.48413116352704,0.0016452516411563148
0.3874099099099099,0.6475449340206754,0.0010683386297174401,115.25026224192219,0.0016498293378407148
0.3884107107107107,0.6519253515121967,0.00107854858760214,115.01704118585721,0.0016544050405469801
0.3894115115115115,0.6563278213230281,0.0010888338914541548,114.78446413409185,0.0016589787238628392
0.3904123123123123,0.6607524387843374,0.0010991949589428843,114.55252725606597,0.0016635503623190558
0.3914131131131131,0.6651992997580922,0.001109632209607112,114.32122675156647,0.0016681199303887459
0.3924139139139139,0.6696685006409892,0.001120146064864345,114.09055885039768,0.0016726874024867089
0.39341471471471473,0.6741601383684009,0.0011307369480201982,113.86051981205613,0.0016772527529687563
0.3944155155155155,0.6786743104183768,0.0011414052842778453,113.63110592541024,0.0016818159561310232
0.3954163163163163,0.683211114815665,0.0011521515007475388,113.40231350838319,0.0016863769862093024
0.39641711711711713,0.6877706501357823,0.0011629760264561912,113.17413890764063,0.0016909358173783544
0.3974179179179179,0.692353015509114,0.0011738792923570165,112.94657849828228,0.001695492423751224
0.3984187187187187,0.6969583106250539,0.001184861731339245,112.71962868353718,0.0017000467793785601
0.39941951951951954,0.7015866357361826,0.0011959237782378973,112.49328589446344,0.0017045988582479216
0.4004203203203203,0.7062380916624796,0.001207065869843626,112.26754658965106,0.001709148634283093
0.4014211211211211,0.7109127797955848,0.001218288444912628,112.04240725492942,0.0017136960813433876
0.40242192192192194,0.7156108021030811,0.001229591944176618,111.81786440307776,0.001718241173222956
0.4034227227227227,0.720332261132835,0.0012409768103528735,111.59391457353986,0.0017227838836500863
0.4044235235235235,0.7250772600173669,0.0012524434881543488,111.370554332142,0.0017273241862865074
0.40542432432432435,0.7298459024782616,0.0012639924242998579,111.14778027081448,0.0017318620547266904
0.40642512512512513,0.7346382928306258,0.0012756240675243218,110.92558900731737,0.0017363974624971296
0.4074259259259259,0.7394545359875789,0.0012873388685890952,110.7039771849684,0.001740930383055652
0.40842672672672675,0.7442947374647908,0.0012991372802923578,110.48294147237522,0.0017454607897907032
0.40942752752752753,0.749159003385061,0.0013110197574795737,110.26247856317129,0.0017499886560206248
0.4104283283283283,0.7540474404829389,0.001322986757054036,110.04258517575367,0.0017545139549929548
0.41142912912912916,0.7589601561093878,0.0013350387379874667,109.82325805302573,0.0017590366598836968
0.41242992992992994,0.7638972582364945,0.0013471761613307043,109.60449396214196,0.0017635567437966021
0.4134307307307307,0.7688588554622164,0.0013593994902244561,109.38628969425608,0.0017680741797624522
0.4144315315315315,0.7738450570151837,0.0013717091899101313,109.16864206427283,0.0017725889407383226
0.41543233233233234,0.778855972759534,0.001384105727740743,108.95154791060195,0.0017771009996068623
0.4164331331331331,0.7838917131998042,0.001396589573191888,108.73500409491626,0.0017816103291755487
0.4174339339339339,0.7889523894858625,0.0014091611978728112,108.51900750191155,0.0017861169021759612
0.41843473473473475,0.794038113417885,0.0014218210755375324,108.30355503907013,0.0017906206912630387
0.41943553553553553,0.7991489974513836,0.0014345696820960612,108.08864363642707,0.0017951216690143366
0.4204363363363363,0.804285154702279,0.0014474074956256854,107.87427024633936,0.0017996198079292785
0.42143713713713715,0.8094466989520256,0.0014603349963823458,107.66043184325761,0.00180411508042841
0.42243793793793794,0.8146337446527788,0.0014733526668120782,107.44712542350067,0.0018086074588526467
0.4234387387387387,0.8198464069326166,0.0014864609915625476,107.23434800503334,0.0018130969154625085
0.42443953953953956,0.8250848016008085,0.001499660457494658,107.02209662724579,0.0018175834224373724
0.42544034034034034,0.8303490451531357,0.0015129515536942415,106.81036835073667,0.0018220669518747
0.4264411411411411,0.8356392547772643,0.0015263347714838385,106.59916025709825,0.0018265474757892695
0.42744194194194196,0.840955548358163,0.0015398106044345512,106.38846944870396,0.001831024966112413
0.42844274274274274,0.8462980444835828,0.001553379548377989,106.17829304849907,0.0018354993946912309
0.4294435435435435,0.8516668624495796,0.0015670421014182926,105.96862819979306,0.0018399707332878241
0.43044434434434437,0.8570621222660997,0.0015807987639442484,105.7594720660555,0.0018444389535784956
0.43144514514514515,0.8624839446626081,0.0015946500386414836,105.55082183071306,0.0018489040271529795
0.43244594594594593,0.8679324510937835,0.0016085964305047572,105.34267469694971,0.0018533659255136458
0.43344674674674677,0.8734077637452602,0.0016226384468503263,105.13502788750954,0.0018578246200746942
0.43444754754754755,0.8789100055394236,0.0016367765973284117,104.92787864450062,0.0018622800821613743
0.43544834834834834,0.8844393001412747,0.0016510113939357473,104.72122422920286,0.0018667322830091622
0.4364491491491492,0.8899957719643383,0.001665343351028224,104.51506192187648,0.001871181193762967
0.43744994994994996,0.8955795461766312,0.0016797729853336128,104.30938902157365,0.0018756267854763162
0.43845075075075074,0.9011907487066996,0.0016943008159643969,104.10420284595226,0.0018800690291105322
0.4394515515515516,0.9068295062497033,0.0017089273644306862,103.89950073109156,0.0018845078955339136
0.44045235235235236,0.9124959462735613,0.0017236531546532194,103.69528003130961,0.0018889433555209214
0.44145315315315314,0.9181901970251677,0.0017384787129764735,103.49153811898388,0.001893375379751328
0.4424539539539539,0.9239123875366542,0.0017534045681818606,103.2882723843726,0.0018978039388094015
0.44345475475475477,0.9296626476317306,0.001768431251501024,103.0854802354393,0.0019022290031830522
0.44445555555555555,0.9354411079320702,0.0017835592966292196,102.88315909767846,0.0019066505432629949
0.44545635635635633,0.9412478998637738,0.0017987892397388135,102.68130641394347,0.0019110685293418994
0.44645715715715717,0.9470831556638902,0.0018141216194928686,102.47991964427672,0.0019154829316135374
0.44745795795795795,0.9529470083870039,0.0018295569770588197,102.27899626574157,0.0019198937201719115
0.44845875875875874,0.9588395919118892,0.001845095856122272,102.0785337722557,0.001924300865010405
0.4494595595595596,0.9647610409482207,0.0018607388029008812,101.87852967442667,0.0019287043360209115
0.45046036036036036,0.9707114910433718,0.0018764863661583427,101.67898149938983,0.0019331041029929461
0.45146116116116114,0.9766910785892626,0.0018923390972184874,101.47988679064706,0.0019375001356127786
0.452461961961962,0.9826999408292839,0.0019082975499794756,101.281243107908,0.0019418924034625416
0.45346276276276276,0.9887382158652882,0.0019243622809280948,101.08304802693259,0.0019462808760193425
0.45446356356356354,0.9948060426646551,0.0019405338491541705,100.88529913937583,0.0019506655226543656
0.4554643643643644,1.0009035610674282,0.0019568128163650793,100.68799405263385,0.001955046312631966
0.45646516516516517,1.0070309117935152,0.001973199746900366,100.49113038969172,0.0019594232151087703
0.45746596596596595,1.0131882364499751,0.0019896952077464777,100.29470578897322,0.001963796199132752
0.4584667667667668,1.019375677538367,0.0020062997685516035,100.09871790419152,0.0019681652336423264
0.45946756756756757,1.025593378462179,0.0020230140016406183,99.90316440420285,0.0019725302874654058
0.46046836836836835,1.031841483534337,0.002039838482030154,99.70804297286,0.001976891329318486
0.4614691691691692,1.038120137984782,0.0020567737874437712,99.51335130886883,0.0019812483278056994
0.46246996996997,1.0444294879681266,0.0020738204983272415,99.3190871256456,0.001985601251417874
0.46347077077077076,1.050769680571395,0.0020909791978639598,99.1252481511759,0.0019899500685315852
0.4644715715715716,1.057140863821845,0.0021082504719904653,98.93183212787557,0.0019942947474081932
0.4654723723723724,1.06354318669485,0.0021256349094120647,98.73883681245229,0.0019986352561928906
0.46647317317317316,1.0699767991218938,0.002143133101618604,98.54625997576943,0.002002971562913724
0.467473973973974,1.0764418519986225,0.002160745642900333,98.35409940271077,0.002007303635480625
0.4684747747747748,1.082938497192992,0.0021784731303639004,98.16235289204707,0.0020116314416844224
0.46947557557557557,1.089466887553493,0.0021963161639484735,97.97101825630371,0.00201595494919586
0.4704763763763764,1.0960271769174699,0.002214275346441976,97.78009332162974,0.0020202741255645976
0.4714771771771772,1.10261952011952,0.0022323512834974486,97.58957592766878,0.002024588938218208
0.47247797797797797,1.1092440729999797,0.0022505445836495373,97.3994639274305,0.0020288993544611694
0.47347877877877875,1.1159009924135093,0.0022688558583311112,97.20975518716435,0.0020332053414738446
0.4744795795795796,1.1225904362377497,0.0022872857218899996,97.02044758623333,0.0020375068663114667
0.4754803803803804,1.1293125633820873,0.0023058347916058634,96.83153901699058,0.0020418038959030996
0.47648118118118116,1.1360675337965067,0.0023245036877071914,96.64302738465608,0.0020460963970505997
0.477481981981982,1.1428555084805234,0.0023432930333884424,96.45491060719505,0.002050384336427579
0.4784827827827828,1.1496766494922344,0.0023622034548272937,96.26718661519755,0.0020546676805783463
0.47948358358358356,1.1565311199574406,0.0023812355812020455,96.0798533517594,0.0020589463959168456
0.4804843843843844,1.163419084078889,0.002400390044709157,95.89290877236431,0.0020632204487255872
0.4814851851851852,1.1703407071455871,0.002419667480580903,95.7063508447667,0.0020674898051545798
0.48248598598598597,1.1772961555422419,0.002439068527103192,95.52017754887655,0.0020717544312202395
0.4834867867867868,1.1842855967587838,0.0024585938256335,95.33438687664481,0.002076014292804296
0.4844875875875876,1.1913091993999936,0.002478244020618959,95.14897683195008,0.0020802693556527005
0.48548838838838837,1.1983671331952412,0.002498019759614586,94.96394543048652,0.0020845195853745114
0.4864891891891892,1.2054595690083167,0.0025179216933016463,94.77929069965265,0.0020887649474407837
0.48748998998999,1.2125866788473816,0.0025379504755061733,94.59501067844181,0.002093005407183435
0.4884907907907908,1.2197486358750056,0.0025581067632176172,94.41110341733258,0.002097240929794129
0.4894915915915916,1.2269456144183444,0.0025783912166076673,94.22756697818198,0.0021014714803231113
0.4904923923923924,1.2341777899793869,0.002598804499049187,94.04439943411779,0.0021056970236780813
0.4914931931931932,1.2414453392453528,0.0026193472771353374,93.8615988694335,0.002109917524623018
0.492493993993994,1.2487484400991729,0.0026400202206988198,93.67916337948333,0.00211413294777702
0.4934947947947948,1.256087271630101,0.002660824002831291,93.49709107057869,0.0021183432576131257
0.4944955955955956,1.2634620141444348,0.0026817592999029303,93.31538005988551,0.0021225484184571293
0.4954963963963964,1.2708728491763552,0.0027028267915821516,93.13402847532252,0.002126748394486384
0.4964971971971972,1.278319959498887,0.002724027160855485,92.95303445546088,0.002130943149728594
0.497497997997998,1.2858035291349659,0.0027453610940476178,92.77239614942386,0.0021351326480606105
0.4984987987987988,1.2933237433686549,0.002766829280841586,92.59211171678862,0.002139316853207199
0.4994995995995996,1.3008807887564509,0.0027884324142991327,92.41217932748796,0.002143495728739814
0.5005004004004004,1.3084748531387478,0.0028101711908812463,92.23259716171376,0.0021476692380753473
0.5015012012012012,1.3161061256513966,0.0028320463104688255,92.05336340982066,0.002151837344474881
0.502502002002002,1.3237747967374183,0.002854058476383562,91.87447627223099,0.002156000011042428
0.5035028028028028,1.3314810581588317,0.0028762083954089503,91.69593395934064,0.0021601572007236536
0.5045036036036036,1.3392251030086217,0.002898496777811491,91.51773469142572,0.0021643088763045916
0.5055044044044044,1.3470071257228304,0.0029209243373620568,91.3398766985498,0.002168455000410359
0.5065052052052053,1.3548273220928007,0.002943491791357441,91.16235822047273,0.0021725955355038394
0.507506006006006,1.3626858892775293,0.0029661998606420625,90.98517750655924,0.0021767304438843837
0.5085068068068068,1.3705830258161935,0.0029890492696298863,90.80833281568943,0.002180859687686474
0.5095076076076076,1.3785189316407893,0.0030120407463264808,90.6318224161693,0.0021849832288783903
0.5105084084084084,1.3864938080889242,0.003035175022351282,90.45564458564253,0.0021891010292608665
0.5115092092092092,1.3945078579167576,0.003058452832960039,90.27979761100295,0.0021932130504657274
0.5125100100100101,1.4025612853120792,0.003081874917067436,90.1042797883075,0.0021973192539545237
0.5135108108108108,1.4106542959075394,0.003105442017269899,89.92908942269057,0.0022014196010171462
0.5145116116116116,1.418787096794034,0.003129154879868613,89.75422482827847,0.0022055140527704378
0.5155124124124124,1.426959896534233,0.0031530142548927076,89.57968432810492,0.0022096025701567896
0.5165132132132132,1.4351729051762685,0.003177020896122639,89.40546625402735,0.0022136851139427246
0.517514014014014,1.4434263342675864,0.0032011755611137823,89.23156894664402,0.002217761644717464
0.5185148148148148,1.451720396868939,0.003225479011220196,89.0579907552115,0.0022218321228914934
0.5195156156156157,1.4600553075685514,0.003249932011618612,88.88473003756297,0.0022258965086951158
0.5205164164164164,1.468431282496454,0.0032745353313326,88.7117851600278,0.002229954762176968
0.5215172172172172,1.4768485393389628,0.003299289743256962,88.53915449735058,0.0022340068432025696
0.522518018018018,1.4853072973533528,0.003324196024182316,88.3668364326124,0.0022380527114528098
0.5235188188188188,1.4938077773826726,0.0033492549548198762,88.19482935715143,0.002242092326422457
0.5245196196196196,1.5023502018707544,0.0033744673198264777,88.02313167048487,0.0022461256474186433
0.5255204204204205,1.5109347948773857,0.0033998339078297767,87.85174178023149,0.002250152633559331
0.5265212212212212,1.5195617820936618,0.0034253555114536825,87.68065810203476,0.002254173243771771
0.527522022022022,1.5282313908575187,0.003451032927344008,87.50987905948644,0.00225818743679095
0.5285228228228228,1.5369438501694426,0.0034768669561943324,87.33940308405093,0.0022621951711580225
0.5295236236236236,1.5456993907083751,0.003502858402772083,87.16922861499057,0.0022661964052187182
0.5305244244244244,1.5544982448477875,0.0035290080759448447,86.99935409929085,0.002270191097121757
0.5315252252252253,1.5633406466719646,0.0035553167887069042,86.82977799158684,0.002274179204817231
0.5325260260260261,1.5722268319924602,0.0035817853582059875,86.66049875408993,0.002278160686054978
0.5335268268268268,1.5811570383647673,0.003608414605770284,86.49151485651504,0.002282135498382948
0.5345276276276276,1.5901315051051748,0.0036352053569356523,86.3228247760089,0.0022861035991455386
0.5355284284284284,1.5991504733078203,0.003662158441473085,86.15442699707825,0.0022900649454819354
0.5365292292292292,1.6082141858619612,0.0036892746934164148,85.98632001151913,0.00229401949432442
0.5375300300300301,1.6173228874694359,0.00371655495109025,85.8185023183463,0.002297967202396674
0.5385308308308309,1.6264768246623411,0.0037440000571381483,85.65097242372373,0.00230190802621206
0.5395316316316316,1.635676245820925,0.0037716108585510674,85.48372884089486,0.0023058419220718974
0.5405324324324324,1.6449214011916886,0.0037993882066960274,85.3167700901142,0.0023097688460637098
0.5415332332332332,1.6542125429057106,0.003827332957345047,85.15009469857901,0.0023136887540594615
0.542534034034034,1.663549924997185,0.0038554459707043185,84.98370120036147,0.0023176016017137824
0.5435348348348349,1.6729338034221926,0.0038837281114436624,84.81758813634136,0.0023215073444621762
0.5445356356356357,1.6823644360776984,0.003912180248726208,84.65175405413984,0.002325405937519193
0.5455364364364365,1.69184208282077,0.003940803256238376,84.4861975080524,0.0023292973358766222
0.5465372372372372,1.7013670054880454,0.00396959801222009,84.32091705898377,0.0023331814943016315
0.547538038038038,1.7109394679154277,0.003998565399495285,84.15591127438236,0.0023370583673349076
0.5485388388388388,1.7205597359580216,0.004027706305502665,83.99117872817553,0.002340927909288779
0.5495396396396396,1.7302280775103198,0.0040570216223267536,83.82671800070503,0.0023447900742453163
0.5505404404404405,1.7399447625266344,0.004086512246729208,83.66252767866344,0.0023486448160544137
0.5515412412412413,1.7497100630417726,0.004116179080180412,83.4986063550304,0.0023524920883318612
0.552542042042042,1.7595242531919888,0.004146023028891379,83.3349526290099,0.0023563318444573835
0.5535428428428428,1.7693876092361662,0.004176045003845905,83.17156510596726,0.002360164037572682
0.5545436436436436,1.7793004095772864,0.004206245920833032,83.00844239736736,0.0023639886205794347
0.5555444444444444,1.7892629347841575,0.004236626700479807,82.84558312071294,0.002367805546137287
0.5565452452452453,1.7992754676134073,0.004267188268284336,82.68298589948287,0.0023716147666618353
0.5575460460460461,1.8093382930317532,0.004297931554649107,82.52064936307171,0.002375416234322566
0.5585468468468469,1.8194516982385602,0.004328857494914685,82.35857214672868,0.0023792099010408025
0.5595476476476476,1.8296159726886745,0.004359967029393643,82.19675289149812,0.0023829957184876033
0.5605484484484484,1.8398314081155376,0.004391261103404841,82.03519024415921,0.0023867736380816687
0.5615492492492492,1.8500982985546088,0.0044227406673080115,81.87388285716709,0.002390543610987201
0.5625500500500501,1.8604169403670647,0.004454406676538666,81.7128293885933,0.002394305588111771
0.5635508508508509,1.870787632263811,0.0044862600916433,81.55202850206783,0.002398059520104132
0.5645516516516517,1.8812106753298043,0.004518301878314967,81.39147886672043,0.0024018053573520368
0.5655524524524524,1.891686373048658,0.004550533007429135,81.23117915712265,0.002405543049980033
0.5665532532532532,1.9022150313275963,0.004582954455079911,81.0711280532306,0.0024092725478472164
0.567554054054054,1.9127969585227007,0.004615567202616565,80.91132424032763,0.0024129938005449775
0.5685548548548549,1.923432465464489,0.004648372236680442,80.75176640896719,0.002416706757394733
0.5695556556556557,1.9341218654838266,0.004681370549242163,80.59245325491679,0.00242041136744561
0.5705564564564565,1.9448654744381655,0.004714563137639225,80.43338347910122,0.0024241075794721343
0.5715572572572573,1.9556636107381262,0.004747951004613923,80.27455578754703,0.002427795341971876
0.572558058058058,1.966516595374422,0.004781535158351629,80.11596889132696,0.0024314746031630775
0.5735588588588588,1.9774247519451251,0.0048153166125194415,79.95762150650428,0.0024351453109822657
0.5745596596596596,1.9883884066833073,0.0048492963863052095,79.79951235407822,0.0024388074130818256
0.5755604604604605,1.9994078884850117,0.004883475504456891,79.64164015992895,0.0024424608568275634
0.5765612612612613,2.0104835289376197,0.004917854997322322,79.48400365476354,0.002446105589296231
0.5775620620620621,2.0216156623485637,0.004952435900889329,79.32660157406154,0.0024497415572730355
0.5785628628628628,2.032804625774436,0.004987219256826272,79.16943265802112,0.0024533687072491265
0.5795636636636636,2.0440507590504717,0.0050222061125229185,79.01249565150584,0.0024569869854190397
0.5805644644644644,2.0553544048204166,0.00505739752113174,78.85578930399096,0.0024605963376781352
0.5815652652652653,2.0667159085667994,0.005092794541609614,78.69931236951052,0.002464196709619999
0.5825660660660661,2.0781356186415985,0.005128398238759887,78.54306360660473,0.002467788046533813
0.5835668668668669,2.0896138862973177,0.005164209683274893,78.38704177826719,0.0024713702934017114
0.5845676676676677,2.1011510657184798,0.005200229951778843,78.23124565189268,0.0024749433948960953
0.5855684684684684,2.1127475140535332,0.005236460126871156,78.07567399922515,0.0024785072953769304
0.5865692692692692,2.1244035914471864,0.005272901297170186,77.92032559630573,0.002482061938889013
0.5875700700700701,2.1361196610731943,0.005309554557357412,77.76519922342139,0.002485607269159197
0.5885708708708709,2.1478960891675434,0.005346421008221995,77.61029366505329,0.0024891432295936155
0.5895716716716717,2.159733245062138,0.005383501756705859,77.45560770982568,0.002492669763274848
0.5905724724724725,2.1716315012189025,0.005420797915949137,77.30114015045511,0.0024961868129590717
0.5915732732732732,2.183591233264357,0.00545831060533609,77.14688978369952,0.0024996943210731782
0.592574074074074,2.195612820024666,0.005496040950541507,76.99285541030753,0.0025031922297118685
0.5935748748748749,2.207696643561173,0.005533990083577517,76.83903583496857,0.0025066804806346916
0.5945756756756757,2.2198430892063796,0.005572159142840871,76.68542986626204,0.0025101590152630943
0.5955764764764765,2.232052545600484,0.005610549273160747,76.53203631660799,0.0025136277746773896
0.5965772772772773,2.244325404728359,0.005649161625846957,76.37885400221681,0.002517086699613731
0.5975780780780781,2.2566620619570705,0.005687997358738689,76.22588174303971,0.0025205357304610436
0.5985788788788788,2.2690629160739073,0.0057270576362537,76.07311836271938,0.002523974807257905
0.5995796796796797,2.281528369324933,0.005766343629438026,75.9205626885406,0.002527403869689419
0.6005804804804805,2.2940588274540747,0.0058058565160161784,75.76821355138094,0.0025308228570840377
0.6015812812812813,2.306654699742759,0.005845597480441857,75.616069785662,0.0025342317084103513
0.6025820820820821,2.3193163990500905,0.005885567713949173,75.46413022930024,0.0025376303622738545
0.6035828828828829,2.3320443418536043,0.0059257684146043705,75.31239372365856,0.002541018756913656
0.6045836836836836,2.3448389482905734,0.0059662007873581046,75.16085911349742,0.002544396830199176
0.6055844844844844,2.357700642199911,0.006006866044098222,75.00952524692664,0.0025477645196267866
0.6065852852852853,2.3706298511646566,0.0060477654037031205,74.8583909753568,0.002551121762316432
0.6075860860860861,2.3836270065550527,0.006088900092095582,74.70745515345108,0.0025544684950081983
0.6085868868868869,2.39669254357225,0.006130271342297245,74.5567166390774,0.00255780465405885
0.6095876876876877,2.4098269012926177,0.006171880394483578,74.40617429325995,0.0025611301754383336
0.6105884884884885,2.4230305227126956,0.006213728496039444,74.25582698013176,0.0025644449947262262
0.6115892892892892,2.4363038547947573,0.006255816901615209,74.10567356688632,0.002567749047108174
0.6125900900900901,2.449647348513084,0.006298146873183494,73.95571292373052,0.002571042267372248
0.6135908908908909,2.4630614589008286,0.006340719680096429,73.8059439238365,0.002574324589905301
0.6145916916916917,2.4765466450976206,0.006383536599143588,73.65636544329428,0.002577595948689253
0.6155924924924925,2.4901033703978017,0.006426598914610477,73.50697636106415,0.002580856277297359
0.6165932932932933,2.5037321022994066,0.006469907918337655,73.35777555892956,0.002584105508890406
0.617594094094094,2.517433312553811,0.0065134649097804516,73.20876192144942,0.002587343576212895
0.6185948948948949,2.5312074772161304,0.006557271196069362,73.05993433591077,0.0025905704115891646
0.6195956956956957,2.5450550766963373,0.0066013280920710045,72.91129169228194,0.0025937859469194664
0.6205964964964965,2.558976595811139,0.006645636920449808,72.76283288316496,0.0025969901136760057
0.6215972972972973,2.5729725238365964,0.0066901990117302895,72.61455680374854,0.002600182842898935
0.6225980980980981,2.5870433545615312,0.006735015704360012,72.46646235176092,0.002603364065192292
0.6235988988988989,2.6011895863417114,0.006780088344773236,72.31854842742264,0.002606533710719905
0.6245996996996998,2.6154117221548434,0.006825418287455218,72.17081393339977,0.002609691709201235
0.6256005005005005,2.6297102696563615,0.006871006895007201,72.02325777475654,0.002612837989907182
0.6266013013013013,2.644085741236076,0.006916855538212145,71.87587885890841,0.002615972481655835
0.6276021021021021,2.6585386540756373,0.006962965596101124,71.72867609557507,0.002619095112808175
0.6286029029029029,2.673069530206858,0.007009338456020437,71.58164839673317,0.0026222058112637323
0.6296037037037037,2.6876788965709344,0.007055975513699484,71.43479467656967,0.002625304504456178
0.6306045045045046,2.702367285078527,0.0071028781733193415,71.28811385143436,0.002628391119348879
0.6316053053053053,2.717135232670756,0.007150047847582096,71.14160483979308,0.0026314655824303946
0.6326061061061061,2.731983281381127,0.00719748595778097,70.99526656218019,0.0026345278197099187
0.6336069069069069,2.7469119783983826,0.007245193933871148,70.84909794115217,0.002637577756712663
0.6346077077077077,2.7619218761302973,0.00729317321454143,70.70309790123952,0.002640615318475201
0.6356085085085085,2.77701353226848,0.007341425247286672,70.55726536890036,0.002643640429540733
0.6366093093093093,2.792187509854121,0.007389951488481001,70.41159927247267,0.0026466530139543144
0.6376101101101102,2.8074443773447784,0.0074387534034518745,70.26609854212708,0.0026496529952580185
0.6386109109109109,2.8227847086821627,0.007487832466554907,70.12076210981955,0.0026526402964860384
0.6396117117117117,2.8382090833609945,0.007537190161249608,69.97558890924394,0.0026556148401597323
0.6406125125125125,2.8537180864989025,0.007586827980175903,69.83057787578434,0.0026585765482826087
0.6416133133133133,2.869312308907402,0.007636747425231528,69.68572794646757,0.0026615253423352527
0.6426141141141141,2.8849923471639944,0.007686950007650303,69.54103805991546,0.002664461143270182
0.643614914914915,2.9007588036853704,0.007737437248081294,69.39650715629706,0.0026673838715066543
0.6446157157157157,2.9166122868017608,0.007788210676668814,69.25213417728088,0.002670293446925389
0.6456165165165165,2.9325534108324596,0.007839271833133425,69.1079180659866,0.0026731897888632498
0.6466173173173173,2.948582796162517,0.007890622266853765,68.96385776693708,0.002676072816107843
0.6476181181181181,2.9647010693206632,0.007942263536949374,68.81995222601051,0.0026789424468920495
0.6486189189189189,2.9809088630584295,0.007994197212364423,68.6762003903913,0.002681798598888505
0.6496197197197198,2.9972068164305576,0.008046424871952429,68.53260120852232,0.0026846411892039873
0.6506205205205206,3.013595574876655,0.008098948104561915,68.38915363005587,0.0026874701343737525
0.6516213213213213,3.0300757903041853,0.008151768509123103,68.24585660580487,0.002690285350355794
0.6526221221221221,3.0466481211727405,0.008204887694735563,68.10270908769412,0.002693086752525027
0.6536229229229229,3.0633132325796972,0.008258307280756886,67.95971002871116,0.002695874255667399
0.6546237237237237,3.0800717963472586,0.008312028896892417,67.81685838285684,0.002698647773973931
0.6556245245245246,3.0969244911108516,0.008366054183286004,67.67415310509598,0.002701407221034679
0.6566253253253254,3.113872002408987,0.008420384790611789,67.53159315130769,0.00270415250983262
0.6576261261261261,3.1309150227745883,0.008475022380167152,67.38917747823568,0.0027068835527374563
0.6586269269269269,3.1480542518277694,0.008529968623966653,67.246905043438,0.0027096002614993464
0.6596277277277277,3.165290396370153,0.00858522520483715,67.10477480523696,0.0027123025472425514
0.6606285285285285,3.182624170480724,0.008640793816514022,66.96278572266846,0.002714990320459001
0.6616293293293293,3.2000562956132454,0.008696676163738495,66.82093675543165,0.0027176634910017735
0.6626301301301302,3.2175875006953008,0.008752873962356206,66.67922686383758,0.002720321968078495
0.663630930930931,3.2352185222289376,0.00880938893941684,66.53765500875856,0.00272296566024465
0.6646317317317317,3.252950104393019,0.008866222833275077,66.39622015157612,0.0027255944753968066
0.6656325325325325,3.270782999147239,0.008923377393692656,66.25492125412985,0.0027282083207657514
0.6666333333333333,3.288717966337877,0.008980854381941685,66.11375727866516,0.0027308071029095364
0.6676341341341341,3.306755773805357,0.009038655570909262,65.9727271877812,0.0027333907277064303
0.668634934934935,3.3248971974935326,0.009096782745203268,65.83182994437826,0.002735959100347782
0.6696357357357358,3.3431430215608966,0.009155237701259509,65.69106451160513,0.0027385121253307833
0.6706365365365365,3.361494038493611,0.00921402224745017,65.55042985280578,0.0027410497064511413
0.6716373373373373,3.3799510492204425,0.00927313820419353,65.40992493146605,0.0027435717467956533
0.6726381381381381,3.3985148632296998,0.009332587404065094,65.26954871115984,0.002746078148734676
0.6736389389389389,3.4171862986881165,0.009392371691910059,65.12930015549517,0.0027485688139144947
0.6746397397397398,3.4359661825617707,0.009452492924957149,64.98917822805969,0.0027510436432495984
0.6756405405405406,3.454855350739083,0.00951295297293389,64.84918189236575,0.0027535025369148443
0.6766413413413414,3.4738546481559425,0.00957375371818333,64.70931011179553,0.0027559453943375124
0.6776421421421421,3.492964928922949,0.009634897055782136,64.56956184954532,0.0027583721141892607
0.6786429429429429,3.512187056454902,0.009696384893660268,64.42993606856976,0.0027607825943779638
0.6796437437437437,3.5315219036024947,0.009758219152722056,64.29043173152544,0.0027631767320394434
0.6806445445445446,3.550970352786341,0.009820401766968898,64.15104780071435,0.002765554423529084
0.6816453453453454,3.5705332961332807,0.009882934683623371,64.01178323802661,0.0027679155644133395
0.6826461461461462,3.5902116356151557,0.009945819863255082,63.872637004882996,0.0027702600494611067
0.6836469469469469,3.610006283189944,0.01000905927990796,63.73360806217705,0.0027725877726349994
0.6846477477477477,3.629918160945429,0.010072654921229265,63.594695370216364,0.0027748986270824893
0.6856485485485485,3.649948201245396,0.010136608788600203,63.455897888664175,0.002777192505126919
0.6866493493493494,3.670097346878423,0.010200922897268212,63.3172145764795,0.0027794692982584072
0.6876501501501502,3.6903665512092934,0.010265599276480979,63.178644391857574,0.002781728897124609
0.688650950950951,3.7107567783331756,0.010330639969622154,63.040186292169466,0.0027839711915213536
0.6896517517517518,3.731269003232501,0.010396047034348843,62.901839233901136,0.002786196070383149
0.6906525525525525,3.75190421193668,0.010461822542730854,62.76360217259196,0.002788403421773556
0.6916533533533533,3.7726634016847185,0.01052796858139178,62.62547406277313,0.0027905931328754156
0.6926541541541541,3.7935475810907566,0.010594487251651939,62.487453857904825,0.002792765089980949
0.693654954954955,3.8145577703126117,0.010661380669673145,62.34954051031326,0.0027949191784817093
0.6946557557557558,3.8356950012233906,0.010728650966605392,62.211732971127276,0.002797055282858387
0.6956565565565566,3.856960317586255,0.010796300288735525,62.07403019021381,0.002799173286670477
0.6966573573573573,3.878354775232364,0.0108643307976378,61.93643111611316,0.0028012730725457896
0.6976581581581581,3.899879442242116,0.010932744670326516,61.79893469597374,0.002803354522169811
0.6986589589589589,3.9215353991297066,0.011001544099410605,61.661539875485666,0.0028054175162749114
0.6996597597597598,3.9433237390311406,0.01107073129325038,61.524245598814254,0.0028074619346293932
0.7006605605605606,3.9652455678956953,0.011140308476116273,61.387050808532564,0.002809487656026381
0.7016613613613614,3.9873020046809895,0.011210277888349815,61.24995444555319,0.0028114945582725457
0.7026621621621622,4.009494181551682,0.011280641786526737,61.112955449059484,0.002813482518176671
0.7036629629629629,4.031823244081918,0.011351402443622292,60.97605275643624,0.0028154514115380338
0.7046637637637637,4.054290351461555,0.011422562149178802,60.83924530319918,0.002817401113134634
0.7056645645645646,4.076896676706332,0.011494123209475512,60.702532022924004,0.002819331496711232
0.7066653653653654,4.099643406871971,0.011566087947700776,60.56591184717492,0.0028212424349672144
0.7076661661661662,4.122531743272435,0.011638458704126609,60.42938370543154,0.0028231337995442817
0.708666966966967,4.145562901702235,0.011711237836285618,60.29294652501592,0.0028250054610139434
0.7096677677677677,4.168738112663129,0.011784427719150371,60.1565992310183,0.002826857288864828
0.7106685685685685,4.192058621595088,0.011858030745315336,60.02034074622179,0.002828689151489806
0.7116693693693694,4.215525689111758,0.011932049325181255,59.88416999102689,0.0028305009161729068
0.7126701701701702,4.2391405912404645,0.012006485887142126,59.74808588337442,0.0028322924490760443
0.713670970970971,4.2629046196669105,0.012081342877774865,59.61208733866775,0.002834063615225541
0.7146717717717718,4.286819081984622,0.012156622762031546,59.47617326969448,0.002835814278498435
0.7156725725725726,4.310885301949286,0.012232328023434425,59.340342586546605,0.0028375443016085905
0.7166733733733733,4.335104619738081,0.012308461164273683,59.20459419653999,0.002839253546092583
0.7176741741741742,4.359478392214138,0.012385024705808028,59.06892700413309,0.0028409418722953666
0.718674974974975,4.384007993196197,0.012462021188468076,58.93333991084397,0.0028426091393557286
0.7196757757757758,4.4086948137336766,0.012539453172062783,58.79783181516723,0.0028442552051915005
0.7206765765765766,4.433540262387163,0.012617323235988688,58.662401612488836,0.0028458799264845535
0.7216773773773774,4.458545765514568,0.01269563397944232,58.52704819500081,0.0028474831586655465
0.7226781781781781,4.483712767562981,0.012774388021635557,58.391770451614065,0.0028490647558984416
0.7236789789789789,4.509042731366446,0.012853588002014199,58.25656726787062,0.0028506245710647683
0.7246797797797798,4.534537138449739,0.012933236580479686,58.12143752585442,0.0028521624557476402
0.7256805805805806,4.560197489338286,0.013013336437614069,57.98638010410085,0.00285367826021552
0.7266813813813814,4.5860253038744965,0.013093890274908343,57.85139387750534,0.0028551718334057165
0.7276821821821822,4.6120221215404085,0.01317490081499404,57.71647771723045,0.002856643022907627
0.728682982982983,4.638189501787126,0.013256370801878336,57.58163049061192,0.0028580916749457014
0.7296837837837837,4.6645290243709105,0.01333830300118262,57.44685106106309,0.002859517634362134
0.7306845845845846,4.6910422896963055,0.013420700200384637,57.31213828797828,0.0028609207445992736
0.7316853853853854,4.717730919166343,0.013503565209064212,57.177491026634804,0.0028623008476817476
0.7326861861861862,4.744596555540064,0.013586900859152711,57.04290812809336,0.0028636577841982926
0.733686986986987,4.771640863297541,0.013670710005186298,56.90838843909697,0.002864991393283289
0.7346877877877878,4.7988655290125175,0.013754995524562918,56.773930801968945,0.002866301512597987
0.7356885885885885,4.826272261732929,0.013839760317803254,56.639534054508864,0.002867587978311428
0.7366893893893894,4.853862793369501,0.013925007308815705,56.50519702988702,0.002868850625081042
0.7376901901901902,4.881638879092542,0.014010739445165307,56.37091855653761,0.00287008928603293
0.738690990990991,4.90960229773727,0.014096959698346923,56.23669745805022,0.002871303792741809
0.7396917917917918,4.937754852217753,0.01418367106406253,56.102532553059305,0.0028724939752106256
0.7406925925925926,4.966098369949799,0.014270876562502893,55.9684226551327,0.002873659661849822
0.7416933933933934,4.994634703282933,0.014358579238633555,55.8343665726577,0.0028748006794562524
0.7426941941941942,5.023365729941749,0.01444678216248534,55.70036310872581,0.0028759168531917473
0.743694994994995,5.052293353476844,0.014535488429449331,55.56641106101549,0.002877008006561302
0.7446957957957958,5.081419503725643,0.01462470116057663,55.43250922167331,0.002878073961390897
0.7456965965965966,5.11074613728328,0.014714423502882715,55.29865637719286,0.0028791145378049394
0.7466973973973974,5.140275237983832,0.014804658629656698,55.164851308291965,0.0028801295542033125
0.7476981981981982,5.170008817392268,0.014895409740775474,55.03109278978793,0.002881118827238028
0.7486989989989989,5.199948915307212,0.014986680063022928,54.897379590470656,0.0028820821717894735
0.7496997997997998,5.230097600274983,0.01507847285041424,54.76371047297373,0.002883019400942242
0.7507006006006006,5.260456970115075,0.015170791384525404,54.630084193643484,0.002883930325960548
0.7517014014014014,5.291029152457499,0.015263638974828136,54.49649950240571,0.0028848147562631943
0.7527022022022022,5.32181630529219,0.01535701895903016,54.36295514263014,0.002885672499398116
0.753703003003003,5.352820617530878,0.015450934703421066,54.22944985099295,0.0028865033610164566
0.7547038038038038,5.384044309581755,0.01554538960322388,54.09598235733658,0.002887307144846191
0.7557046046046046,5.415489633937213,0.015640387082952345,53.962551384527444,0.00288808365266528
0.7567054054054054,5.447158875775091,0.015735930596774122,53.82915564831089,0.0028888326842743347
0.7577062062062062,5.479054353573778,0.015832023628880063,53.69579385716398,0.0028895540374687906
0.758707007007007,5.511178419741502,0.015928669693859594,53.56246471214541,0.0028902475080105857
0.7597078078078078,5.543533461260256,0.016025872337082386,53.42916690674301,0.0028909128895993163
0.7607086086086086,5.576121900344718,0.01612363513508642,53.29589912671854,0.0028915499738428664
0.7617094094094095,5.608946195116634,0.0162219616959726,53.16266004994951,0.002892158550227504
0.7627102102102102,5.642008840294979,0.01632085565980607,53.02944834626851,0.0028927384060874264
0.763711011011011,5.675312367902547,0.016420320699024396,52.89626267729923,0.0028932893265737405
0.7647118118118118,5.708859347989201,0.016520360518852605,52.76310169628994,0.002893811094622865
0.7657126126126126,5.742652389372328,0.016620978857725444,52.629964047943574,0.0028943034909243597
0.7667134134134134,5.776694140395131,0.016722179487716884,52.496848368244954,0.002894766293888129
0.7677142142142143,5.810987289703038,0.016823966214977063,52.363753284284655,0.002895199279611027
0.768715015015015,5.8455345670388486,0.01692634288017677,52.23067741407958,0.0028956022218428325
0.7697158158158158,5.880338744057237,0.017029313358959807,52.0976193663903,0.0028959748919515733
0.7707166166166166,5.91540263515901,0.017132881562403165,51.96457774053487,0.0028963170588881854
0.7717174174174174,5.950729098345782,0.017237051437485346,51.831551126199045,0.0028966284891505144
0.7727182182182182,5.986321036095672,0.017341826967563,51.69853810324309,0.0028969089467466122
0.7737190190190191,6.022181396260582,0.017447212172855983,51.565537241504536,0.0028971581931573277
0.7747198198198199,6.058313172985711,0.01755321111094106,51.432547100597525,0.0028973759872981827
0.7757206206206206,6.094719407652003,0.01765982787725457,51.29956622970783,0.0028975620854804927
0.7767214214214214,6.131403189842106,0.017767066605603992,51.166593167384185,0.0028977162413717445
0.7777222222222222,6.168367658330647,0.017874931468688845,51.03362644132535,0.0028978382059551815
0.778723023023023,6.205616002099479,0.01798342667863108,50.90066456816299,0.0028979277274886073
0.7797238238238238,6.2431514613786785,0.01809255648751507,50.767706053240204,0.0028979845514623586
0.7807246246246247,6.280977328714069,0.018202325187937574,50.63474939038559,0.002898008420556457
0.7817254254254254,6.319096950062006,0.0183127371135678,50.50179306168285,0.002897999074596901
0.7827262262262262,6.357513725912424,0.018423796639717865,50.36883553723548,0.0028979562505110764
0.783727027027027,6.396231112440755,0.01853550818392379,50.235875274926926,0.0028978796822822723
0.7847278278278278,6.43525262268985,0.018647876206537458,50.10291072017564,0.0028977691009032824
0.7857286286286286,6.47458182778268,0.01876090521132957,49.96994030568504,0.0028976242343290498
0.7867294294294295,6.514222358166786,0.018874599746104063,49.83696245118845,0.002897444807428357
0.7877302302302303,6.554177904891504,0.018988964403324083,49.70397556318837,0.002897230541934522
0.788731031031031,6.594452220919003,0.019104003820749976,49.57097803469059,0.002896981156395071
0.7897318318318318,6.635049122470116,0.019219722682089383,49.43796824493247,0.0028966963661203773
0.7907326326326326,6.675972490406162,0.01933612571765993,49.30494455910542,0.002896375883131228
0.7917334334334334,6.717226271647785,0.019453217705064575,49.171905328071546,0.002896019416105296
0.7927342342342343,6.7588144806321395,0.019571003469880253,49.03884888807403,0.0028956266703224873
0.7937350350350351,6.800741200809481,0.01968948788635974,48.90577356044132,0.0028951973476091302
0.7947358358358358,6.843010586180578,0.01980867587814748,48.77267765128479,0.0028947311462809936
0.7957366366366366,6.88562686287617,0.01992857241900935,48.63955945118978,0.0028942277610850757
0.7967374374374374,6.928594330779853,0.020049182533576924,48.50641723489983,0.0028936868831401586
0.7977382382382382,6.971917365195853,0.020170511298106552,48.37324926099388,0.0028931081998760794
0.7987390390390391,7.015600418563155,0.02029256384125367,48.24005377155608,0.002892491394971684
0.7997398398398399,7.059648022217379,0.02041534534486243,48.10682899183851,0.002891836148291446
0.8007406406406407,7.1040647882022645,0.02053886104477166,47.97357312991588,0.0028911421358206865
0.8017414414414414,7.148855411132145,0.020663116231636792,47.84028437633266,0.002890409029599388
0.8027422422422422,7.19402467010718,0.02078811625176879,47.70696090374193,0.002889636497654529
0.803743043043043,7.239577430683356,0.02091386650799028,47.57360086653591,0.002888824203930945
0.8047438438438439,7.285518646898715,0.02104037246050916,47.44020240046815,0.002887971808220627
0.8057446446446447,7.331853363357984,0.02116763962781039,47.30676362226657,0.002887078966090454
0.8067454454454455,7.378586717377702,0.021295673587566517,47.173282629237605,0.0028861453288082854
0.8077462462462462,7.4257239411935005,0.021424479977566968,47.039757498861,0.002885170543267397
0.808747047047047,7.4732703642321425,0.021554064496667066,46.90618628837499,0.0028841542519091887
0.8097478478478478,7.521231415450333,0.021684432905757143,46.77256703435134,0.002883096092644131
0.8107486486486486,7.5696126257426455,0.021815591028752176,46.638897752260604,0.0028819956987708967
0.8117494494494495,7.6184196304210525,0.021947544753602655,46.50517643602628,0.002880852698893624
0.8127502502502503,7.6676581717685,0.022080300033327022,46.37140105756883,0.002879666716837265
0.813751051051051,7.717334101669312,0.022213862887066702,46.23756956633787,0.00287843737156095
0.8147518518518518,7.767453384318974,0.022348239401163834,46.103679888833135,0.0028771642770693317
0.8157526526526526,7.818022099016241,0.022483435730262572,45.96972992811365,0.0028758470423218313
0.8167534534534534,7.869046443040575,0.022619458098434683,45.83571756329459,0.0028744852711397374
0.8177542542542543,7.920532734617915,0.022756312800329873,45.70164064903132,0.002873078562111092
0.8187550550550551,7.972487415978047,0.02289400620235177,45.56749701499082,0.0028716265084932947
0.8197558558558559,8.024917056506993,0.023032544743860146,45.433284465309285,0.002870128698113364
0.8207566566566566,8.077828355997793,0.023171934938400137,45.299000778036145,0.0028685847132657837
0.8217574574574574,8.131228148003393,0.023312183374959137,45.164643704563666,0.0028669941306078586
0.8227582582582582,8.185123403295568,0.023453296719252444,45.03021096904179,0.002865356521052507
0.8237590590590591,8.239521233433576,0.023595281715038077,44.89570026777788,0.002863671449658424
0.8247598598598599,8.294428894446948,0.02373814518546187,44.76110926862063,0.0028619384755175083
0.8257606606606607,8.349853790636699,0.02388189403443375,44.62643561032777,0.002860157151639501
0.8267614614614615,8.405803478499285,0.024026535248035864,44.49167690191694,0.002858327024833728
0.8277622622622622,8.462285670778275,0.024172075895963666,44.35683072199953,0.002856447635587864
0.828763063063063,8.519308240648515,0.024318523133000945,44.22189461809623,0.0028545185179436293
0.8297638638638639,8.576879226037956,0.02446588420052968,44.08686610593444,0.0028525391993693217
0.8307646646646647,8.635006834092582,0.02461416642807584,43.95174266872647,0.0028505092006290743
0.8317654654654655,8.69369944579001,0.02476337723489228,43.81652175642786,0.002848428035648752
0.8327662662662663,8.752965620707617,0.024913524131579576,43.681200784975495,0.0028462952113783684
0.833767067067067,8.812814101951433,0.025064614721746304,43.54577713550456,0.002844110227650917
0.8347678678678678,8.873253821252158,0.025216656703709685,43.41024815354358,0.0028418725770374964
0.8357686686686687,8.934293904235044,0.025369657872237956,43.27461114818692,0.002839581744698616
0.8367694694694695,8.995943675870741,0.0255236261203358,43.138863391244044,0.0028372372082315534
0.8377702702702703,9.058212666114416,0.025678569441074012,43.00300211636437,0.0028348384375136335
0.8387710710710711,9.121110615740935,0.025834495929464945,42.8670245181373,0.0028323848945413024
0.8397718718718719,9.184647482384133,0.025991413784385107,42.73092775116616,0.00282987603326484
0.8407726726726726,9.248833446788693,0.026149331310546316,42.59470892911547,0.0028273112994185966
0.8417734734734734,9.313678919283598,0.02630825692051716,42.45836512373034,0.0028246901303465564
0.8427742742742743,9.379194546486326,0.026468199136796208,42.32189336382702,0.002822011954823122
0.8437750750750751,9.44539121824761,0.026629166593938623,42.185290634253754,0.0028192761928689174
0.8447758758758759,9.512280074847219,0.026791168040738042,42.04855387482049,0.0028164822555614617
0.8457766766766767,9.57987251445116,0.026954212342465485,41.91167997919683,0.002813629544840526
0.8467774774774774,9.64818020084195,0.027118308483167083,41.77466579377641,0.002810717453307993
0.8477782782782782,9.71721507143356,0.027283465568022598,41.637508116507085,0.002807745364022032
0.8487790790790791,9.786989345583741,0.02744969282576688,41.50020369568514,0.0028047126502853724
0.8497798798798799,9.857515533216558,0.027616999611176182,41.36274922871249,0.0028016186754275
0.8507806806806807,9.928806443769194,0.027785395407621788,41.22514136081529,0.002798462792580519
0.8517814814814815,10.000875195477168,0.02795488982969276,41.087376683722724,0.002795244344448492
0.8527822822822823,10.073735225013568,0.028125492625890855,40.94945173430396,0.0027919626630699907
0.853783083083083,10.147400297497986,0.02829721368139944,40.81136299316228,0.002788617069573632
0.8547838838838839,10.221884516892208,0.028470063020929384,40.673106883184204,0.002785206873926338
0.8557846846846847,10.297202336800344,0.0286440508116444,40.53467976804215,0.002781731374674044
0.8567854854854855,10.373368571692156,0.02881918736616886,40.39607795064855,0.002778189858674588
0.8577862862862863,10.450398408569226,0.02899548314568069,40.2572976715598,0.002774581600822481
0.8587870870870871,10.528307419094665,0.029172948763092642,40.118335107327795,0.0027709058637652565
0.8597878878878878,10.607111572208558,0.029351594986325044,39.97918636879691,0.002767161897611077
0.8607886886886887,10.686827247251827,0.029531432741673202,39.83984749934452,0.0027633489396272784
0.8617894894894895,10.767471247623131,0.029712473117273097,39.70031447306225,0.0027594662139294765
0.8627902902902903,10.849060814994699,0.029894727366668993,39.56058319287612,0.0027555129311609083
0.8637910910910911,10.931613644113732,0.030078206912486416,39.420649488602486,0.002751488288161594
0.8647918918918919,11.015147898218665,0.03026292335021484,39.28050911493749,0.0027473914676269455
0.8657926926926927,11.099682225100283,0.030448888452103952,39.14015774937695,0.002743221637755387
0.8667934934934934,11.185235773839803,0.030636114171177717,38.99959099006398,0.0027389779518845656
0.8677942942942943,11.271828212258075,0.030824612645371206,38.85880435356095,0.002734659548115677
0.8687950950950951,11.359479745111285,0.031014396201793915,38.7177932725431,0.0027302655489254606
0.8697958958958959,11.448211133071956,0.031205477361125965,38.576553093409444,0.0027257950607653095
0.8707966966966967,11.5380437125347,0.03139786884215075,38.43507907380837,0.0027212471736470134
0.8717974974974975,11.628999416289815,0.03159158356643045,38.293366380073564,0.0027166209607145733
0.8727982982982982,11.721100795109924,0.03178663466312991,38.15141008456647,0.0027119154778014846
0.8737990990990991,11.814371040297406,0.03198303547399432,38.00920516292101,0.0027071297629729096
0.8747998998998999,11.908834007243565,0.03218079955848744,37.8667464911864,0.002702262836052079
0.8758007007007007,12.004514240053698,0.03237994069909671,37.72402884286295,0.002697313698130264
0.8768015015015015,12.101436997295199,0.032580472906811785,37.58104688582646,0.0026922813310596033
0.8778023023023023,12.199628278929413,0.03278241042678423,37.437795179135776,0.0026871646969280506
0.8788031031031031,12.29911485449277,0.032985767744175054,37.29426816971828,0.0026819627375156687
0.879803903903904,12.399924292595133,0.03319055959019901,37.150460188926985,0.0026766743737314173
0.8808047047047047,12.502084991809141,0.03339680094837299,37.00636544896418,0.0026712985050296183
0.8818055055055055,12.605626213028827,0.033604507060977847,36.861978039164214,0.0026658340088051443
0.8828063063063063,12.710578113379826,0.03381369343574262,36.71729192212926,0.002660279739766403
0.8838071071071071,12.816971781770551,0.034024375852760635,36.572300929710764,0.0026546345292850814
0.8848079079079079,12.92483927617831,0.03423657037164806,36.426998758828844,0.0026488971847216133
0.8858087087087088,13.03421366277123,0.034450293338954954,36.28137896712202,0.0026430664887252134
0.8868095095095095,13.145129056973584,0.03466556139584072,36.135434968418316,0.0026371411985073204
0.8878103103103103,13.257620666589437,0.03488239148602548,35.989160028019086,0.0026311200450871764
0.8888111111111111,13.371724837107235,0.03510080086402985,35.842547257786016,0.002625001732508232
0.8898119119119119,13.48747909931678,0.035320807103716385,35.6955896110211,0.0026187849370239687
0.8908127127127127,13.60492221937893,0.03554242810714665,35.54827987712905,0.002612468306251675
0.8918135135135136,13.724094251498586,0.035765682113768585,35.400610676050526,0.0026060504582925896
0.8928143143143144,13.845036593361817,0.035990587709949465,35.252574452454475,0.0025995299808167804
0.8938151151151151,13.967792044510107,0.03621716383887132,35.104163469676514,0.0025929054301109884
0.8948159159159159,14.09240486783683,0.0364454298108058,34.955369803389694,0.002586175330087581
0.8958167167167167,14.218920854404768,0.03667540531378672,34.80618533499358,0.0025793381712526653
0.8968175175175175,14.347387391798096,0.036907110424700316,34.6566017447054,0.002572392409631236
0.8978183183183183,14.477853536238978,0.03714056562081287,34.506610504338056,0.002565336465647183
0.8988191191191192,14.610370088714726,0.03737579179175847,34.35620286974603,0.0025581687229557664
0.8998199199199199,14.744989675381897,0.037612810252009264,34.20536987292194,0.0025508875272260974
0.9008207207207207,14.881766832533392,0.03785164275385312,34.05410231372273,0.00254349118487092
0.9018215215215215,15.020758096436756,0.03809231150090463,33.90239075120486,0.0025359779617209156
0.9028223223223223,15.162022098376598,0.038334839162176934,33.75022549454576,0.0025283460816404864
0.9038231231231231,15.30561966526026,0.038579248886743994,33.597596593526795,0.002520593725081825
0.904823923923924,15.45161392617476,0.03882556431902446,33.44449382855249,0.002512719027573854
0.9058247247247248,15.60007042531433,0.0390738096147201,33.29090670017749,0.0025047200781423903
0.9068255255255255,15.751057241732806,0.03932400945744487,33.136824418112056,0.0024965949176576512
0.9078263263263263,15.904645116411983,0.03957618907608139,32.982235889673845,0.0024883415371049536
0.9088271271271271,16.060907587179084,0.03983037426290576,32.8271297076519,0.002479957875774162
0.9098279279279279,16.219921132051244,0.04008659139252354,32.671494137545764,0.0024714418193631507
0.9108287287287288,16.38176532163416,0.04034486744166199,32.51531710414092,0.0024627911979902173
0.9118295295295296,16.54652298125736,0.04060523000986857,32.358586177377205,0.0024540037841099954
0.9128303303303303,16.714280363587562,0.040867707341167195,32.201288557464984,0.0024450772903270392
0.9138311311311311,16.885127332527603,0.041132328346728496,32.043411059200054,0.002436009367100885
0.9148319319319319,17.059157559281115,0.04139912262861391,31.884940095423705,0.0024267976003358167
0.9158327327327327,17.236468731542892,0.04166812050465827,31.725861659570924,0.002417439508848192
0.9168335335335336,17.41716277686404,0.041939353034559076,31.566161307245167,0.0024079325417035737
0.9178343343343344,17.60134610133591,0.04221285204724682,31.405824136752603,0.0023982740754153425
0.9188351351351352,17.789129844849146,0.04248865016961606,31.24483476852349,0.0023884614109958096
0.9198359359359359,17.980630154299345,0.04276678085670195,31.083177323342948,0.0023784917708502
0.9208367367367367,18.17596847624666,0.043047278423394786,30.920835399305815,0.0023683622955030597
0.9218375375375375,18.37527187068253,0.04333017807779111,30.757792047403978,0.002358070040145842
0.9228383383383384,18.57867334772136,0.043615515956288695,30.594029745646004,0.0023476119709935077
0.9238391391391392,18.786312229216882,0.04390332916053969,30.42953037160083,0.002336984961436991
0.92483993993994,18.998334537507496,0.04419365579638751,30.264275173246993,0.002326185787977262
0.9258407407407407,19.214893413721008,0.044486535014920996,30.09824473799909,0.0023152111259255783
0.9268415415415415,19.436149568324403,0.044782007055791904,29.931418959770784,0.0023040575448531383
0.9278423423423423,19.662271766888644,0.045080113292953715,29.763777003921255,0.0022927215037719514
0.9288431431431431,19.89343735435772,0.04538089628299224,29.59529726991748,0.0022811993460271165
0.929843943943944,20.129832821470274,0.04568439981623487,29.425957351528996,0.002269487293878981
0.9308447447447448,20.371654417385045,0.04599066897083902,29.255733994354557,0.0022575814427516923
0.9318455455455456,20.619108813017792,0.046299750170081456,29.084603050459382,0.0022454777551224833
0.9328463463463463,20.87241382010919,0.04661169124308644,28.912539429881782,0.002233172054023731
0.9338471471471471,21.131799171624383,0.04692654148925498,28.739517048742158,0.0022206600161271484
0.9348479479479479,21.397507369744773,0.04724435174668056,28.565508773660834,0.002207937164376548
0.9358487487487488,21.669794608455945,0.04756517446486356,28.39048636216101,0.0021949988601323795
0.9368495495495496,21.948931778586847,0.0478890637820664,28.214420398699275,0.002181840294787671
0.9378503503503504,22.23520556412379,0.04821607560768517,28.037280225926942,0.002168456480810826
0.9388511511511511,22.52891963972319,0.048546267710048864,27.859033870744625,0.002154842242166449
0.9398519519519519,22.8303959806147,0.04887969981010051,27.67964796466191,0.0021409922040600735
0.9408527527527527,23.139976297531497,0.04921643368145926,27.4990876579212,0.0021269007819471933
0.9418535535535536,23.45802361096957,0.049556533257414465,27.31731652678225,0.0021125621697405303
0.9428543543543544,23.784923980993092,0.04990006474546061,27.13429647329453,0.0020979703271423755
0.9438551551551552,24.121088411015187,0.050247096750048355,26.949987616804847,0.002083118966020721
0.944855955955956,24.466954946540614,0.05059770040429791,26.764348176357892,0.0020680015357387956
0.9458567567567567,24.8229909928256,0.050951949511506736,26.577334343044022,0.0020526112073373025
0.9468575575575575,25.18969587886107,0.05130992069737564,26.38890014123117,0.002036940856456881
0.9478583583583584,25.567603699109295,0.0516716935739843,26.19899727748296,0.0020209830448750426
0.9488591591591592,25.957286469130583,0.052037350916668584,26.007574975810176,0.0020047300005165574
0.94985995995996,26.359357636754524,0.05240697885508986,25.81457979772446,0.001988173595778961
0.9508607607607608,26.77447599694108,0.05278066707994333,25.619955445357306,0.0019713053239948856
0.9518615615615615,27.203350066136487,0.053158509066934034,25.423642545668862,0.0019541162738300893
0.9528623623623623,27.64674298099158,0.053540602319855086,25.225578413494564,0.0019365971013897275
0.9538631631631631,28.10547799708258,0.053927048634842045,25.025696790854866,0.0019187379997749837
0.954863963963964,28.580444676100058,0.05431795438815209,24.823927559577108,0.001900528665796957
0.9558647647647648,29.07260586532863,0.05471343085013549,24.620196423837232,0.0018819582635138173
0.9568655655655656,29.58300559167085,0.05511359452843794,24.414424558709673,0.0018630153842094826
0.9578663663663664,30.11277801468713,0.05551856754390261,24.20652822020204,0.0018436880023764038
0.9588671671671671,30.663157610028062,0.05592847804314679,23.996418311525318,0.0018239634271995514
0.9598679679679679,31.235490787336392,0.05634346065237953,23.78399989948823,0.0018038282489616748
0.9608687687687688,31.831249186638765,0.05676365697772461,23.56917167387509,0.0017832682796989092
0.9618695695695696,32.45204494626085,0.05718921615813772,23.351825341432598,0.0017622684873277025
0.9628703703703704,33.099648295744274,0.05762029547798685,23.131844944605174,0.0017408129223353494
0.9638711711711712,33.77600790217561,0.05805706104753184,22.90910609336215,0.0017188846359723945
0.9648719719719719,34.48327449174298,0.05849968856093758,22.68347509627555,0.0016964655886999747
0.9658727727727727,35.22382838544056,0.05894836414313957,22.45480797433952,0.0016735365474215553
0.9668735735735736,36.00031173555802,0.05940328529891418,22.222949337744936,0.001650076969756923
0.9678743743743744,36.81566643711969,0.05986466197998144,21.987731101775395,0.0016260648732850976
0.9688751751751752,37.67317892814201,0.060332717788993434,21.74897101295913,0.0016014766872759088
0.969875975975976,38.57653340116557,0.06080769134297891,21.506470950321674,0.0015762870839281123
0.9708767767767768,39.52987534886067,0.06128983782342142,21.26001495866079,0.0015504687855077734
0.9718775775775775,40.53788789006654,0.06177943074587625,21.009366960722367,0.001523992343000553
0.9728783783783784,41.60588401333602,0.06227676398922681,20.75426808231758,0.001496825880908223
0.9738791791791792,42.739918794614596,0.0627821541337674,20.494433507886484,0.0014689348015719309
0.97487997997998,43.946926882145924,0.06329594316888042,20.229548762521652,0.0014402814408075327
0.9758807807807808,45.23489222177862,0.06381850164595268,19.959265288278967,0.0014108246645766708
0.9768815815815816,46.61305930487032,0.06435023237147687,19.683195145253677,0.0013805193937303597
0.9778823823823823,48.09219843329203,0.06489157476055978,19.40090461788514,0.0013493160403255406
0.9788831831831832,49.68494202442304,0.06544301000453172,19.11190643918141,0.0013171598343088068
0.979883983983984,51.40621545464731,0.0660050672511856,18.81565025256483,0.001283990013025137
0.9808847847847848,53.273795345317225,0.06657833105700069,18.51151080167526,0.0012497388373673085
0.9818855855855856,55.30904209014474,0.06716345045436942,18.198773155790683,0.0012143303864294724
0.9828863863863864,57.53787433672497,0.067761150093682,17.876614016285483,0.0011776790657424716
0.9838871871871872,59.9920852657461,0.06837224408601938,17.54407776622515,0.0011396877401935908
0.9848879879879879,62.71115101105507,0.0689976534121526,17.200045353547527,0.0011002453678451748
0.9858887887887888,65.74476296908952,0.06963842811778219,16.843193226566747,0.0010592239590326504
0.9868895895895896,69.15645075080863,0.0702957760500724,16.47193817762768,0.001016474606300562
0.9878903903903904,73.02889371994064,0.07097110072010962,16.084361758953207,0.0009718222076905205
0.9888911911911912,77.47192969371993,0.0716660522004112,15.67810429510589,0.0009250583080057206
0.989891991991992,82.63503002247823,0.07238259715400626,15.250212245818059,0.0008759311533415956
0.9908927927927927,88.72748982219183,0.07312311784859712,14.79691139684951,0.000824131483885484
0.9918935935935936,96.05263090840567,0.07389055676682073,14.313257031488467,0.0007692715552714243
0.9928943943943944,105.06904723202182,0.07468863626666421,13.792569398910452,0.0007108528937331166
0.9938951951951952,116.5081036245738,0.07552220885045022,13.225470171831043,0.0006482142142988338
0.994895995995996,131.62017053239762,0.0763978513045492,12.598115938406355,0.0005804418197873727
0.9958967967967968,152.7551215779815,0.07732495814076074,11.88863757863184,0.0005062020660386588
0.9968975975975976,184.9785317589779,0.07831799555433268,11.058945493037557,0.00042338964856948336
0.9978983983983984,241.89615942365415,0.0794020133610965,10.03164411967912,0.0003282483423890692
0.9988991991991992,379.6436283378471,0.0806308201478969,8.596573228210062,0.0002123855482598619
0.9999,2160.196517982449,0.08222848496204158,5.163468146014396,3.8065279837984466e-5
