Diff,Kunsat,H,DÎ¸Dh,,Diff,Se
1.57E-12,1.18E-25,7.09E+08,7.53E-14,,1.57E-12,0.0001
3.60E-10,1.53E-21,1.17E+08,4.25E-12,,3.60E-10,0.001100801
1.65E-09,2.19E-20,6.76E+07,1.32E-11,,1.65E-09,0.002101602
4.21E-09,1.12E-19,4.78E+07,2.66E-11,,4.21E-09,0.003102402
8.31E-09,3.67E-19,3.70E+07,4.41E-11,,8.31E-09,0.004103203
1.42E-08,9.34E-19,3.02E+07,6.58E-11,,1.42E-08,0.005104004
2.21E-08,2.03E-18,2.54E+07,9.17E-11,,2.21E-08,0.006104805
3.23E-08,3.92E-18,2.19E+07,1.22E-10,,3.23E-08,0.007105606
4.49E-08,6.99E-18,1.92E+07,1.56E-10,,4.49E-08,0.008106406
6.02E-08,1.17E-17,1.71E+07,1.94E-10,,6.02E-08,0.009107207
7.84E-08,1.85E-17,1.53E+07,2.36E-10,,7.84E-08,0.010108008
9.98E-08,2.82E-17,1.39E+07,2.83E-10,,9.98E-08,0.011108809
1.24E-07,4.16E-17,1.27E+07,3.34E-10,,1.24E-07,0.01210961
1.53E-07,5.94E-17,1.17E+07,3.89E-10,,1.53E-07,0.01311041
1.85E-07,8.28E-17,1.08E+07,4.49E-10,,1.85E-07,0.014111211
2.20E-07,1.13E-16,1.00E+07,5.13E-10,,2.20E-07,0.015112012
2.60E-07,1.51E-16,9.34E+06,5.81E-10,,2.60E-07,0.016112813
3.05E-07,1.99E-16,8.74E+06,6.54E-10,,3.05E-07,0.017113614
3.54E-07,2.59E-16,8.20E+06,7.31E-10,,3.54E-07,0.018114414
4.08E-07,3.31E-16,7.72E+06,8.13E-10,,4.08E-07,0.019115215
4.66E-07,4.20E-16,7.29E+06,9.00E-10,,4.66E-07,0.020116016
5.30E-07,5.25E-16,6.90E+06,9.91E-10,,5.30E-07,0.021116817
6.00E-07,6.51E-16,6.54E+06,1.09E-09,,6.00E-07,0.022117618
6.75E-07,8.01E-16,6.22E+06,1.19E-09,,6.75E-07,0.023118418
7.55E-07,9.76E-16,5.92E+06,1.29E-09,,7.55E-07,0.024119219
8.42E-07,1.18E-15,5.64E+06,1.40E-09,,8.42E-07,0.02512002
9.35E-07,1.42E-15,5.39E+06,1.52E-09,,9.35E-07,0.026120821
1.04E-06,1.69E-15,5.15E+06,1.64E-09,,1.04E-06,0.027121622
1.14E-06,2.01E-15,4.93E+06,1.76E-09,,1.14E-06,0.028122422
1.25E-06,2.37E-15,4.73E+06,1.89E-09,,1.25E-06,0.029123223
1.38E-06,2.79E-15,4.54E+06,2.03E-09,,1.38E-06,0.030124024
1.50E-06,3.26E-15,4.37E+06,2.17E-09,,1.50E-06,0.031124825
1.64E-06,3.79E-15,4.20E+06,2.31E-09,,1.64E-06,0.032125626
1.78E-06,4.39E-15,4.04E+06,2.46E-09,,1.78E-06,0.033126426
1.93E-06,5.06E-15,3.90E+06,2.62E-09,,1.93E-06,0.034127227
2.09E-06,5.81E-15,3.76E+06,2.78E-09,,2.09E-06,0.035128028
2.26E-06,6.65E-15,3.63E+06,2.94E-09,,2.26E-06,0.036128829
2.44E-06,7.59E-15,3.51E+06,3.11E-09,,2.44E-06,0.03712963
2.62E-06,8.64E-15,3.39E+06,3.29E-09,,2.62E-06,0.03813043
2.82E-06,9.79E-15,3.28E+06,3.47E-09,,2.82E-06,0.039131231
3.02E-06,1.11E-14,3.18E+06,3.66E-09,,3.02E-06,0.040132032
3.24E-06,1.25E-14,3.08E+06,3.86E-09,,3.24E-06,0.041132833
3.46E-06,1.40E-14,2.99E+06,4.05E-09,,3.46E-06,0.042133634
3.70E-06,1.57E-14,2.90E+06,4.26E-09,,3.70E-06,0.043134434
3.94E-06,1.76E-14,2.81E+06,4.47E-09,,3.94E-06,0.044135235
4.20E-06,1.97E-14,2.73E+06,4.69E-09,,4.20E-06,0.045136036
4.46E-06,2.19E-14,2.66E+06,4.91E-09,,4.46E-06,0.046136837
4.74E-06,2.43E-14,2.58E+06,5.14E-09,,4.74E-06,0.047137638
5.03E-06,2.70E-14,2.51E+06,5.37E-09,,5.03E-06,0.048138438
5.33E-06,2.99E-14,2.44E+06,5.61E-09,,5.33E-06,0.049139239
5.64E-06,3.30E-14,2.38E+06,5.85E-09,,5.64E-06,0.05014004
5.97E-06,3.64E-14,2.32E+06,6.11E-09,,5.97E-06,0.051140841
6.31E-06,4.01E-14,2.26E+06,6.36E-09,,6.31E-06,0.052141642
6.66E-06,4.41E-14,2.20E+06,6.63E-09,,6.66E-06,0.053142442
7.02E-06,4.84E-14,2.15E+06,6.90E-09,,7.02E-06,0.054143243
7.40E-06,5.31E-14,2.09E+06,7.18E-09,,7.40E-06,0.055144044
7.79E-06,5.81E-14,2.04E+06,7.46E-09,,7.79E-06,0.056144845
8.19E-06,6.35E-14,1.99E+06,7.75E-09,,8.19E-06,0.057145646
8.61E-06,6.92E-14,1.95E+06,8.04E-09,,8.61E-06,0.058146446
9.04E-06,7.55E-14,1.90E+06,8.35E-09,,9.04E-06,0.059147247
9.49E-06,8.21E-14,1.86E+06,8.65E-09,,9.49E-06,0.060148048
9.95E-06,8.93E-14,1.82E+06,8.97E-09,,9.95E-06,0.061148849
1.04E-05,9.69E-14,1.78E+06,9.29E-09,,1.04E-05,0.06214965
1.09E-05,1.05E-13,1.74E+06,9.62E-09,,1.09E-05,0.06315045
1.14E-05,1.14E-13,1.70E+06,9.95E-09,,1.14E-05,0.064151251
1.20E-05,1.23E-13,1.66E+06,1.03E-08,,1.20E-05,0.065152052
1.25E-05,1.33E-13,1.63E+06,1.06E-08,,1.25E-05,0.066152853
1.31E-05,1.44E-13,1.59E+06,1.10E-08,,1.31E-05,0.067153654
1.36E-05,1.55E-13,1.56E+06,1.14E-08,,1.36E-05,0.068154454
1.42E-05,1.67E-13,1.53E+06,1.17E-08,,1.42E-05,0.069155255
1.48E-05,1.80E-13,1.50E+06,1.21E-08,,1.48E-05,0.070156056
1.55E-05,1.93E-13,1.47E+06,1.25E-08,,1.55E-05,0.071156857
1.61E-05,2.08E-13,1.44E+06,1.29E-08,,1.61E-05,0.072157658
1.68E-05,2.23E-13,1.41E+06,1.33E-08,,1.68E-05,0.073158458
1.75E-05,2.39E-13,1.38E+06,1.37E-08,,1.75E-05,0.074159259
1.82E-05,2.56E-13,1.36E+06,1.41E-08,,1.82E-05,0.07516006
1.89E-05,2.74E-13,1.33E+06,1.45E-08,,1.89E-05,0.076160861
1.96E-05,2.93E-13,1.30E+06,1.49E-08,,1.96E-05,0.077161662
2.04E-05,3.14E-13,1.28E+06,1.54E-08,,2.04E-05,0.078162462
2.12E-05,3.35E-13,1.26E+06,1.58E-08,,2.12E-05,0.079163263
2.20E-05,3.58E-13,1.23E+06,1.63E-08,,2.20E-05,0.080164064
2.28E-05,3.82E-13,1.21E+06,1.67E-08,,2.28E-05,0.081164865
2.36E-05,4.07E-13,1.19E+06,1.72E-08,,2.36E-05,0.082165666
2.45E-05,4.33E-13,1.17E+06,1.77E-08,,2.45E-05,0.083166466
2.54E-05,4.61E-13,1.15E+06,1.82E-08,,2.54E-05,0.084167267
2.63E-05,4.91E-13,1.13E+06,1.86E-08,,2.63E-05,0.085168068
2.73E-05,5.22E-13,1.11E+06,1.91E-08,,2.73E-05,0.086168869
2.82E-05,5.54E-13,1.09E+06,1.96E-08,,2.82E-05,0.08716967
2.92E-05,5.89E-13,1.07E+06,2.02E-08,,2.92E-05,0.08817047
3.02E-05,6.25E-13,1.05E+06,2.07E-08,,3.02E-05,0.089171271
3.12E-05,6.62E-13,1.03E+06,2.12E-08,,3.12E-05,0.090172072
3.23E-05,7.02E-13,1.02E+06,2.17E-08,,3.23E-05,0.091172873
3.34E-05,7.44E-13,999739.2977,2.23E-08,,3.34E-05,0.092173674
3.45E-05,7.88E-13,983327.3319,2.28E-08,,3.45E-05,0.093174474
3.56E-05,8.34E-13,967311.3722,2.34E-08,,3.56E-05,0.094175275
3.68E-05,8.82E-13,951678.3057,2.40E-08,,3.68E-05,0.095176076
3.80E-05,9.32E-13,936415.5766,2.46E-08,,3.80E-05,0.096176877
3.92E-05,9.85E-13,921511.1573,2.51E-08,,3.92E-05,0.097177678
4.04E-05,1.04E-12,906953.521,2.57E-08,,4.04E-05,0.098178478
4.17E-05,1.10E-12,892731.6163,2.63E-08,,4.17E-05,0.099179279
4.30E-05,1.16E-12,878834.8436,2.70E-08,,4.30E-05,0.10018008
4.43E-05,1.22E-12,865253.032,2.76E-08,,4.43E-05,0.101180881
4.57E-05,1.29E-12,851976.4185,2.82E-08,,4.57E-05,0.102181682
4.70E-05,1.36E-12,838995.6278,2.88E-08,,4.70E-05,0.103182482
4.84E-05,1.43E-12,826301.6536,2.95E-08,,4.84E-05,0.104183283
4.99E-05,1.50E-12,813885.841,3.02E-08,,4.99E-05,0.105184084
5.14E-05,1.58E-12,801739.8694,3.08E-08,,5.14E-05,0.106184885
5.29E-05,1.67E-12,789855.7371,3.15E-08,,5.29E-05,0.107185686
5.44E-05,1.75E-12,778225.7461,3.22E-08,,5.44E-05,0.108186486
5.60E-05,1.84E-12,766842.4881,3.29E-08,,5.60E-05,0.109187287
5.76E-05,1.93E-12,755698.8314,3.36E-08,,5.76E-05,0.110188088
5.92E-05,2.03E-12,744787.9079,3.43E-08,,5.92E-05,0.111188889
6.09E-05,2.13E-12,734103.1016,3.50E-08,,6.09E-05,0.11218969
6.26E-05,2.24E-12,723638.0369,3.58E-08,,6.26E-05,0.11319049
6.43E-05,2.35E-12,713386.5684,3.65E-08,,6.43E-05,0.114191291
6.61E-05,2.46E-12,703342.7704,3.72E-08,,6.61E-05,0.115192092
6.79E-05,2.58E-12,693500.9273,3.80E-08,,6.79E-05,0.116192893
6.97E-05,2.70E-12,683855.5247,3.88E-08,,6.97E-05,0.117193694
7.16E-05,2.83E-12,674401.2409,3.96E-08,,7.16E-05,0.118194494
7.35E-05,2.97E-12,665132.938,4.04E-08,,7.35E-05,0.119195295
7.54E-05,3.10E-12,656045.6551,4.12E-08,,7.54E-05,0.120196096
7.74E-05,3.25E-12,647134.5999,4.20E-08,,7.74E-05,0.121196897
7.94E-05,3.40E-12,638395.1427,4.28E-08,,7.94E-05,0.122197698
8.15E-05,3.55E-12,629822.8086,4.36E-08,,8.15E-05,0.123198498
8.36E-05,3.72E-12,621413.2721,4.45E-08,,8.36E-05,0.124199299
8.57E-05,3.88E-12,613162.3506,4.53E-08,,8.57E-05,0.1252001
8.79E-05,4.06E-12,605065.9985,4.62E-08,,8.79E-05,0.126200901
9.01E-05,4.24E-12,597120.3021,4.70E-08,,9.01E-05,0.127201702
9.24E-05,4.43E-12,589321.4741,4.79E-08,,9.24E-05,0.128202503
9.47E-05,4.62E-12,581665.8485,4.88E-08,,9.47E-05,0.129203303
9.70E-05,4.82E-12,574149.8764,4.97E-08,,9.70E-05,0.130204104
9.94E-05,5.03E-12,566770.1208,5.06E-08,,9.94E-05,0.131204905
0.000101811,5.25E-12,559523.2527,5.16E-08,,0.000101811,0.132205706
0.000104277,5.47E-12,552406.0468,5.25E-08,,0.000104277,0.133206507
0.000106787,5.71E-12,545415.3777,5.34E-08,,0.000106787,0.134207307
0.000109341,5.95E-12,538548.2157,5.44E-08,,0.000109341,0.135208108
0.000111939,6.20E-12,531801.624,5.54E-08,,0.000111939,0.136208909
0.000114583,6.46E-12,525172.7544,5.64E-08,,0.000114583,0.13720971
0.000117272,6.72E-12,518658.8448,5.73E-08,,0.000117272,0.138210511
0.000120007,7.00E-12,512257.2152,5.83E-08,,0.000120007,0.139211311
0.000122789,7.29E-12,505965.2655,5.94E-08,,0.000122789,0.140212112
0.000125618,7.59E-12,499780.4723,6.04E-08,,0.000125618,0.141212913
0.000128496,7.89E-12,493700.3858,6.14E-08,,0.000128496,0.142213714
0.000131421,8.21E-12,487722.6277,6.25E-08,,0.000131421,0.143214515
0.000134396,8.54E-12,481844.8886,6.35E-08,,0.000134396,0.144215315
0.00013742,8.88E-12,476064.9251,6.46E-08,,0.00013742,0.145216116
0.000140494,9.23E-12,470380.558,6.57E-08,,0.000140494,0.146216917
0.000143618,9.59E-12,464789.6699,6.68E-08,,0.000143618,0.147217718
0.000146794,9.97E-12,459290.203,6.79E-08,,0.000146794,0.148218519
0.000150022,1.04E-11,453880.1571,6.90E-08,,0.000150022,0.149219319
0.000153302,1.08E-11,448557.5876,7.01E-08,,0.000153302,0.15022012
0.000156635,1.12E-11,443320.6038,7.13E-08,,0.000156635,0.151220921
0.000160021,1.16E-11,438167.3668,7.24E-08,,0.000160021,0.152221722
0.000163462,1.20E-11,433096.0879,7.36E-08,,0.000163462,0.153222523
0.000166958,1.25E-11,428105.027,7.48E-08,,0.000166958,0.154223323
0.000170509,1.30E-11,423192.491,7.60E-08,,0.000170509,0.155224124
0.000174115,1.34E-11,418356.832,7.72E-08,,0.000174115,0.156224925
0.000177779,1.39E-11,413596.4462,7.84E-08,,0.000177779,0.157225726
0.000181499,1.45E-11,408909.7722,7.96E-08,,0.000181499,0.158226527
0.000185278,1.50E-11,404295.2896,8.09E-08,,0.000185278,0.159227327
0.000189115,1.55E-11,399751.5181,8.21E-08,,0.000189115,0.160228128
0.000193011,1.61E-11,395277.0155,8.34E-08,,0.000193011,0.161228929
0.000196967,1.67E-11,390870.3774,8.47E-08,,0.000196967,0.16222973
0.000200983,1.73E-11,386530.2351,8.60E-08,,0.000200983,0.163230531
0.000205061,1.79E-11,382255.2551,8.73E-08,,0.000205061,0.164231331
0.0002092,1.85E-11,378044.1379,8.86E-08,,0.0002092,0.165232132
0.000213401,1.92E-11,373895.6167,8.99E-08,,0.000213401,0.166232933
0.000217666,1.99E-11,369808.4566,9.13E-08,,0.000217666,0.167233734
0.000221994,2.06E-11,365781.4535,9.26E-08,,0.000221994,0.168234535
0.000226387,2.13E-11,361813.4335,9.40E-08,,0.000226387,0.169235335
0.000230844,2.20E-11,357903.2514,9.54E-08,,0.000230844,0.170236136
0.000235368,2.28E-11,354049.7904,9.68E-08,,0.000235368,0.171236937
0.000239958,2.36E-11,350251.9609,9.82E-08,,0.000239958,0.172237738
0.000244615,2.44E-11,346508.6999,9.96E-08,,0.000244615,0.173238539
0.00024934,2.52E-11,342818.9699,1.01E-07,,0.00024934,0.174239339
0.000254134,2.61E-11,339181.7586,1.03E-07,,0.000254134,0.17524014
0.000258997,2.69E-11,335596.0779,1.04E-07,,0.000258997,0.176240941
0.00026393,2.78E-11,332060.9632,1.05E-07,,0.00026393,0.177241742
0.000268934,2.88E-11,328575.4726,1.07E-07,,0.000268934,0.178242543
0.000274009,2.97E-11,325138.6865,1.09E-07,,0.000274009,0.179243343
0.000279156,3.07E-11,321749.7071,1.10E-07,,0.000279156,0.180244144
0.000284377,3.17E-11,318407.657,1.12E-07,,0.000284377,0.181244945
0.000289671,3.28E-11,315111.6797,1.13E-07,,0.000289671,0.182245746
0.00029504,3.38E-11,311860.938,1.15E-07,,0.00029504,0.183246547
0.000300484,3.49E-11,308654.6144,1.16E-07,,0.000300484,0.184247347
0.000306004,3.61E-11,305491.9096,1.18E-07,,0.000306004,0.185248148
0.0003116,3.72E-11,302372.0427,1.20E-07,,0.0003116,0.186248949
0.000317275,3.84E-11,299294.2506,1.21E-07,,0.000317275,0.18724975
0.000323027,3.97E-11,296257.7871,1.23E-07,,0.000323027,0.188250551
0.000328859,4.09E-11,293261.9228,1.24E-07,,0.000328859,0.189251351
0.000334771,4.22E-11,290305.9447,1.26E-07,,0.000334771,0.190252152
0.000340763,4.36E-11,287389.1554,1.28E-07,,0.000340763,0.191252953
0.000346837,4.49E-11,284510.873,1.30E-07,,0.000346837,0.192253754
0.000352993,4.63E-11,281670.4306,1.31E-07,,0.000352993,0.193254555
0.000359233,4.78E-11,278867.1757,1.33E-07,,0.000359233,0.194255355
0.000365557,4.92E-11,276100.4703,1.35E-07,,0.000365557,0.195256156
0.000371965,5.08E-11,273369.6898,1.36E-07,,0.000371965,0.196256957
0.000378459,5.23E-11,270674.2235,1.38E-07,,0.000378459,0.197257758
0.00038504,5.39E-11,268013.4734,1.40E-07,,0.00038504,0.198258559
0.000391708,5.56E-11,265386.8546,1.42E-07,,0.000391708,0.199259359
0.000398465,5.73E-11,262793.7943,1.44E-07,,0.000398465,0.20026016
0.00040531,5.90E-11,260233.732,1.46E-07,,0.00040531,0.201260961
0.000412246,6.08E-11,257706.1191,1.47E-07,,0.000412246,0.202261762
0.000419272,6.26E-11,255210.4182,1.49E-07,,0.000419272,0.203262563
0.00042639,6.45E-11,252746.1033,1.51E-07,,0.00042639,0.204263363
0.000433601,6.64E-11,250312.6594,1.53E-07,,0.000433601,0.205264164
0.000440906,6.84E-11,247909.5818,1.55E-07,,0.000440906,0.206264965
0.000448305,7.04E-11,245536.3766,1.57E-07,,0.000448305,0.207265766
0.000455799,7.25E-11,243192.5598,1.59E-07,,0.000455799,0.208266567
0.00046339,7.46E-11,240877.6572,1.61E-07,,0.00046339,0.209267367
0.000471078,7.68E-11,238591.2043,1.63E-07,,0.000471078,0.210268168
0.000478865,7.90E-11,236332.7461,1.65E-07,,0.000478865,0.211268969
0.00048675,8.13E-11,234101.8366,1.67E-07,,0.00048675,0.21226977
0.000494735,8.36E-11,231898.0388,1.69E-07,,0.000494735,0.213270571
0.000502822,8.60E-11,229720.9245,1.71E-07,,0.000502822,0.214271371
0.000511011,8.85E-11,227570.0737,1.73E-07,,0.000511011,0.215272172
0.000519302,9.10E-11,225445.075,1.75E-07,,0.000519302,0.216272973
0.000527698,9.36E-11,223345.525,1.77E-07,,0.000527698,0.217273774
0.000536198,9.63E-11,221271.0283,1.80E-07,,0.000536198,0.218274575
0.000544805,9.90E-11,219221.1971,1.82E-07,,0.000544805,0.219275375
0.000553518,1.02E-10,217195.6511,1.84E-07,,0.000553518,0.220276176
0.00056234,1.05E-10,215194.0176,1.86E-07,,0.00056234,0.221276977
0.000571271,1.08E-10,213215.9307,1.88E-07,,0.000571271,0.222277778
0.000580311,1.11E-10,211261.032,1.91E-07,,0.000580311,0.223278579
0.000589463,1.14E-10,209328.9694,1.93E-07,,0.000589463,0.224279379
0.000598727,1.17E-10,207419.3981,1.95E-07,,0.000598727,0.22528018
0.000608104,1.20E-10,205531.9794,1.97E-07,,0.000608104,0.226280981
0.000617595,1.23E-10,203666.3811,2.00E-07,,0.000617595,0.227281782
0.000627201,1.27E-10,201822.2773,2.02E-07,,0.000627201,0.228282583
0.000636924,1.30E-10,199999.3482,2.04E-07,,0.000636924,0.229283383
0.000646764,1.34E-10,198197.2799,2.07E-07,,0.000646764,0.230284184
0.000656723,1.37E-10,196415.7645,2.09E-07,,0.000656723,0.231284985
0.000666802,1.41E-10,194654.4997,2.11E-07,,0.000666802,0.232285786
0.000677001,1.45E-10,192913.1886,2.14E-07,,0.000677001,0.233286587
0.000687322,1.49E-10,191191.5399,2.16E-07,,0.000687322,0.234287387
0.000697767,1.53E-10,189489.2678,2.19E-07,,0.000697767,0.235288188
0.000708335,1.57E-10,187806.0914,2.21E-07,,0.000708335,0.236288989
0.000719029,1.61E-10,186141.735,2.24E-07,,0.000719029,0.23728979
0.000729849,1.65E-10,184495.9281,2.26E-07,,0.000729849,0.238290591
0.000740797,1.69E-10,182868.4047,2.29E-07,,0.000740797,0.239291391
0.000751873,1.74E-10,181258.9039,2.31E-07,,0.000751873,0.240292192
0.00076308,1.79E-10,179667.1692,2.34E-07,,0.00076308,0.241292993
0.000774417,1.83E-10,178092.9488,2.37E-07,,0.000774417,0.242293794
0.000785887,1.88E-10,176535.9954,2.39E-07,,0.000785887,0.243294595
0.000797491,1.93E-10,174996.066,2.42E-07,,0.000797491,0.244295395
0.000809229,1.98E-10,173472.9219,2.44E-07,,0.000809229,0.245296196
0.000821104,2.03E-10,171966.3285,2.47E-07,,0.000821104,0.246296997
0.000833115,2.08E-10,170476.0555,2.50E-07,,0.000833115,0.247297798
0.000845265,2.13E-10,169001.8764,2.53E-07,,0.000845265,0.248298599
0.000857555,2.19E-10,167543.5686,2.55E-07,,0.000857555,0.249299399
0.000869986,2.25E-10,166100.9137,2.58E-07,,0.000869986,0.2503002
0.000882559,2.30E-10,164673.6966,2.61E-07,,0.000882559,0.251301001
0.000895276,2.36E-10,163261.7062,2.64E-07,,0.000895276,0.252301802
0.000908137,2.42E-10,161864.7348,2.66E-07,,0.000908137,0.253302603
0.000921145,2.48E-10,160482.5785,2.69E-07,,0.000921145,0.254303403
0.0009343,2.54E-10,159115.0365,2.72E-07,,0.0009343,0.255304204
0.000947604,2.61E-10,157761.9118,2.75E-07,,0.000947604,0.256305005
0.000961058,2.67E-10,156423.0104,2.78E-07,,0.000961058,0.257305806
0.000974664,2.74E-10,155098.1416,2.81E-07,,0.000974664,0.258306607
0.000988422,2.81E-10,153787.118,2.84E-07,,0.000988422,0.259307407
0.001002335,2.88E-10,152489.7553,2.87E-07,,0.001002335,0.260308208
0.001016403,2.95E-10,151205.8723,2.90E-07,,0.001016403,0.261309009
0.001030628,3.02E-10,149935.2905,2.93E-07,,0.001030628,0.26230981
0.001045012,3.09E-10,148677.8348,2.96E-07,,0.001045012,0.263310611
0.001059555,3.17E-10,147433.3327,2.99E-07,,0.001059555,0.264311411
0.001074259,3.25E-10,146201.6144,3.02E-07,,0.001074259,0.265312212
0.001089127,3.33E-10,144982.5133,3.05E-07,,0.001089127,0.266313013
0.001104158,3.41E-10,143775.8651,3.08E-07,,0.001104158,0.267313814
0.001119354,3.49E-10,142581.5083,3.12E-07,,0.001119354,0.268314615
0.001134718,3.57E-10,141399.284,3.15E-07,,0.001134718,0.269315415
0.00115025,3.66E-10,140229.036,3.18E-07,,0.00115025,0.270316216
0.001165952,3.75E-10,139070.6104,3.21E-07,,0.001165952,0.271317017
0.001181825,3.84E-10,137923.8558,3.25E-07,,0.001181825,0.272317818
0.001197871,3.93E-10,136788.6234,3.28E-07,,0.001197871,0.273318619
0.001214092,4.02E-10,135664.7664,3.31E-07,,0.001214092,0.274319419
0.001230489,4.12E-10,134552.1407,3.34E-07,,0.001230489,0.27532022
0.001247063,4.21E-10,133450.6043,3.38E-07,,0.001247063,0.276321021
0.001263817,4.31E-10,132360.0174,3.41E-07,,0.001263817,0.277321822
0.001280751,4.41E-10,131280.2424,3.45E-07,,0.001280751,0.278322623
0.001297867,4.52E-10,130211.144,3.48E-07,,0.001297867,0.279323423
0.001315167,4.62E-10,129152.5888,3.52E-07,,0.001315167,0.280324224
0.001332652,4.73E-10,128104.4455,3.55E-07,,0.001332652,0.281325025
0.001350325,4.84E-10,127066.585,3.59E-07,,0.001350325,0.282325826
0.001368186,4.95E-10,126038.88,3.62E-07,,0.001368186,0.283326627
0.001386237,5.07E-10,125021.2052,3.66E-07,,0.001386237,0.284327427
0.001404481,5.19E-10,124013.4374,3.69E-07,,0.001404481,0.285328228
0.001422918,5.31E-10,123015.4551,3.73E-07,,0.001422918,0.286329029
0.00144155,5.43E-10,122027.1385,3.76E-07,,0.00144155,0.28732983
0.00146038,5.55E-10,121048.37,3.80E-07,,0.00146038,0.288330631
0.001479408,5.68E-10,120079.0335,3.84E-07,,0.001479408,0.289331431
0.001498636,5.81E-10,119119.0147,3.88E-07,,0.001498636,0.290332232
0.001518067,5.94E-10,118168.2011,3.91E-07,,0.001518067,0.291333033
0.001537702,6.08E-10,117226.4818,3.95E-07,,0.001537702,0.292333834
0.001557542,6.21E-10,116293.7476,3.99E-07,,0.001557542,0.293334635
0.00157759,6.35E-10,115369.8909,4.03E-07,,0.00157759,0.294335435
0.001597847,6.50E-10,114454.8057,4.07E-07,,0.001597847,0.295336236
0.001618315,6.64E-10,113548.3876,4.10E-07,,0.001618315,0.296337037
0.001638996,6.79E-10,112650.5336,4.14E-07,,0.001638996,0.297337838
0.001659891,6.94E-10,111761.1426,4.18E-07,,0.001659891,0.298338639
0.001681003,7.10E-10,110880.1144,4.22E-07,,0.001681003,0.299339439
0.001702333,7.26E-10,110007.3508,4.26E-07,,0.001702333,0.30034024
0.001723884,7.42E-10,109142.7547,4.30E-07,,0.001723884,0.301341041
0.001745657,7.58E-10,108286.2305,4.34E-07,,0.001745657,0.302341842
0.001767654,7.75E-10,107437.6841,4.38E-07,,0.001767654,0.303342643
0.001789876,7.92E-10,106597.0226,4.43E-07,,0.001789876,0.304343443
0.001812327,8.10E-10,105764.1545,4.47E-07,,0.001812327,0.305344244
0.001835008,8.27E-10,104938.9896,4.51E-07,,0.001835008,0.306345045
0.00185792,8.45E-10,104121.439,4.55E-07,,0.00185792,0.307345846
0.001881066,8.64E-10,103311.4151,4.59E-07,,0.001881066,0.308346647
0.001904448,8.83E-10,102508.8316,4.64E-07,,0.001904448,0.309347447
0.001928067,9.02E-10,101713.6032,4.68E-07,,0.001928067,0.310348248
0.001951926,9.22E-10,100925.6459,4.72E-07,,0.001951926,0.311349049
0.001976027,9.41E-10,100144.8772,4.76E-07,,0.001976027,0.31234985
0.002000372,9.62E-10,99371.21519,4.81E-07,,0.002000372,0.313350651
0.002024963,9.83E-10,98604.5796,4.85E-07,,0.002024963,0.314351451
0.002049802,1.00E-09,97844.89104,4.90E-07,,0.002049802,0.315352252
0.002074891,1.03E-09,97092.07127,4.94E-07,,0.002074891,0.316353053
0.002100233,1.05E-09,96346.04317,4.99E-07,,0.002100233,0.317353854
0.002125829,1.07E-09,95606.73065,5.03E-07,,0.002125829,0.318354655
0.002151681,1.09E-09,94874.0587,5.08E-07,,0.002151681,0.319355455
0.002177792,1.12E-09,94147.95332,5.12E-07,,0.002177792,0.320356256
0.002204164,1.14E-09,93428.34155,5.17E-07,,0.002204164,0.321357057
0.002230799,1.16E-09,92715.15141,5.22E-07,,0.002230799,0.322357858
0.002257699,1.19E-09,92008.31193,5.26E-07,,0.002257699,0.323358659
0.002284867,1.21E-09,91307.75307,5.31E-07,,0.002284867,0.324359459
0.002312305,1.24E-09,90613.40577,5.36E-07,,0.002312305,0.32536026
0.002340014,1.26E-09,89925.20191,5.40E-07,,0.002340014,0.326361061
0.002367999,1.29E-09,89243.07426,5.45E-07,,0.002367999,0.327361862
0.002396259,1.32E-09,88566.95652,5.50E-07,,0.002396259,0.328362663
0.002424799,1.35E-09,87896.78329,5.55E-07,,0.002424799,0.329363463
0.00245362,1.37E-09,87232.49001,5.60E-07,,0.00245362,0.330364264
0.002482725,1.40E-09,86574.01303,5.65E-07,,0.002482725,0.331365065
0.002512117,1.43E-09,85921.28951,5.70E-07,,0.002512117,0.332365866
0.002541796,1.46E-09,85274.25746,5.75E-07,,0.002541796,0.333366667
0.002571767,1.49E-09,84632.85571,5.80E-07,,0.002571767,0.334367467
0.002602031,1.52E-09,83997.02391,5.85E-07,,0.002602031,0.335368268
0.00263259,1.55E-09,83366.70248,5.90E-07,,0.00263259,0.336369069
0.002663448,1.59E-09,82741.83266,5.95E-07,,0.002663448,0.33736987
0.002694607,1.62E-09,82122.35643,6.00E-07,,0.002694607,0.338370671
0.002726069,1.65E-09,81508.21654,6.06E-07,,0.002726069,0.339371471
0.002757837,1.68E-09,80899.35649,6.11E-07,,0.002757837,0.340372272
0.002789914,1.72E-09,80295.72052,6.16E-07,,0.002789914,0.341373073
0.002822301,1.75E-09,79697.25356,6.21E-07,,0.002822301,0.342373874
0.002855002,1.79E-09,79103.90131,6.27E-07,,0.002855002,0.343374675
0.002888019,1.83E-09,78515.61011,6.32E-07,,0.002888019,0.344375475
0.002921356,1.86E-09,77932.32705,6.38E-07,,0.002921356,0.345376276
0.002955013,1.90E-09,77353.99985,6.43E-07,,0.002955013,0.346377077
0.002988995,1.94E-09,76780.57692,6.49E-07,,0.002988995,0.347377878
0.003023304,1.98E-09,76212.00735,6.54E-07,,0.003023304,0.348378679
0.003057942,2.02E-09,75648.24083,6.60E-07,,0.003057942,0.349379479
0.003092913,2.06E-09,75089.22774,6.65E-07,,0.003092913,0.35038028
0.003128219,2.10E-09,74534.91906,6.71E-07,,0.003128219,0.351381081
0.003163862,2.14E-09,73985.26639,6.77E-07,,0.003163862,0.352381882
0.003199847,2.18E-09,73440.22195,6.82E-07,,0.003199847,0.353382683
0.003236175,2.23E-09,72899.73857,6.88E-07,,0.003236175,0.354383483
0.003272849,2.27E-09,72363.76965,6.94E-07,,0.003272849,0.355384284
0.003309873,2.32E-09,71832.26919,7.00E-07,,0.003309873,0.356385085
0.003347249,2.36E-09,71305.19175,7.05E-07,,0.003347249,0.357385886
0.003384981,2.41E-09,70782.49246,7.11E-07,,0.003384981,0.358386687
0.00342307,2.46E-09,70264.12703,7.17E-07,,0.00342307,0.359387487
0.00346152,2.50E-09,69750.0517,7.23E-07,,0.00346152,0.360388288
0.003500334,2.55E-09,69240.22323,7.29E-07,,0.003500334,0.361389089
0.003539516,2.60E-09,68734.59896,7.35E-07,,0.003539516,0.36238989
0.003579067,2.65E-09,68233.13671,7.41E-07,,0.003579067,0.363390691
0.003618992,2.71E-09,67735.79486,7.48E-07,,0.003618992,0.364391491
0.003659293,2.76E-09,67242.53226,7.54E-07,,0.003659293,0.365392292
0.003699974,2.81E-09,66753.30828,7.60E-07,,0.003699974,0.366393093
0.003741037,2.87E-09,66268.08279,7.66E-07,,0.003741037,0.367393894
0.003782485,2.92E-09,65786.81615,7.73E-07,,0.003782485,0.368394695
0.003824323,2.98E-09,65309.46918,7.79E-07,,0.003824323,0.369395495
0.003866553,3.04E-09,64836.00319,7.85E-07,,0.003866553,0.370396296
0.003909178,3.09E-09,64366.37996,7.92E-07,,0.003909178,0.371397097
0.003952202,3.15E-09,63900.56171,7.98E-07,,0.003952202,0.372397898
0.003995627,3.22E-09,63438.51115,8.05E-07,,0.003995627,0.373398699
0.004039458,3.28E-09,62980.19139,8.11E-07,,0.004039458,0.374399499
0.004083698,3.34E-09,62525.56603,8.18E-07,,0.004083698,0.3754003
0.00412835,3.40E-09,62074.59906,8.24E-07,,0.00412835,0.376401101
0.004173417,3.47E-09,61627.25492,8.31E-07,,0.004173417,0.377401902
0.004218903,3.53E-09,61183.49847,8.38E-07,,0.004218903,0.378402703
0.004264811,3.60E-09,60743.29499,8.45E-07,,0.004264811,0.379403504
0.004311145,3.67E-09,60306.61016,8.51E-07,,0.004311145,0.380404304
0.004357908,3.74E-09,59873.41007,8.58E-07,,0.004357908,0.381405105
0.004405104,3.81E-09,59443.66121,8.65E-07,,0.004405104,0.382405906
0.004452737,3.88E-09,59017.33047,8.72E-07,,0.004452737,0.383406707
0.00450081,3.96E-09,58594.3851,8.79E-07,,0.00450081,0.384407508
0.004549326,4.03E-09,58174.79276,8.86E-07,,0.004549326,0.385408308
0.00459829,4.11E-09,57758.52148,8.93E-07,,0.00459829,0.386409109
0.004647704,4.18E-09,57345.53966,9.00E-07,,0.004647704,0.38740991
0.004697574,4.26E-09,56935.81605,9.07E-07,,0.004697574,0.388410711
0.004747902,4.34E-09,56529.3198,9.15E-07,,0.004747902,0.389411512
0.004798692,4.42E-09,56126.02038,9.22E-07,,0.004798692,0.390412312
0.004849948,4.51E-09,55725.88762,9.29E-07,,0.004849948,0.391413113
0.004901675,4.59E-09,55328.89171,9.36E-07,,0.004901675,0.392413914
0.004953875,4.68E-09,54935.00316,9.44E-07,,0.004953875,0.393414715
0.005006553,4.76E-09,54544.19285,9.51E-07,,0.005006553,0.394415516
0.005059712,4.85E-09,54156.43195,9.59E-07,,0.005059712,0.395416316
0.005113358,4.94E-09,53771.69199,9.66E-07,,0.005113358,0.396417117
0.005167493,5.03E-09,53389.94482,9.74E-07,,0.005167493,0.397417918
0.005222121,5.13E-09,53011.1626,9.81E-07,,0.005222121,0.398418719
0.005277248,5.22E-09,52635.3178,9.89E-07,,0.005277248,0.39941952
0.005332876,5.32E-09,52262.38321,9.97E-07,,0.005332876,0.40042032
0.00538901,5.41E-09,51892.33192,1.00E-06,,0.00538901,0.401421121
0.005445655,5.51E-09,51525.13734,1.01E-06,,0.005445655,0.402421922
0.005502814,5.61E-09,51160.77316,1.02E-06,,0.005502814,0.403422723
0.005560491,5.72E-09,50799.21336,1.03E-06,,0.005560491,0.404423524
0.005618692,5.82E-09,50440.43223,1.04E-06,,0.005618692,0.405424324
0.00567742,5.93E-09,50084.40433,1.04E-06,,0.00567742,0.406425125
0.005736679,6.04E-09,49731.10452,1.05E-06,,0.005736679,0.407425926
0.005796475,6.15E-09,49380.50791,1.06E-06,,0.005796475,0.408426727
0.00585681,6.26E-09,49032.58991,1.07E-06,,0.00585681,0.409427528
0.005917691,6.37E-09,48687.32619,1.08E-06,,0.005917691,0.410428328
0.005979121,6.49E-09,48344.6927,1.08E-06,,0.005979121,0.411429129
0.006041105,6.60E-09,48004.66564,1.09E-06,,0.006041105,0.41242993
0.006103647,6.72E-09,47667.22148,1.10E-06,,0.006103647,0.413430731
0.006166753,6.84E-09,47332.33695,1.11E-06,,0.006166753,0.414431532
0.006230426,6.97E-09,46999.98902,1.12E-06,,0.006230426,0.415432332
0.006294671,7.09E-09,46670.15492,1.13E-06,,0.006294671,0.416433133
0.006359494,7.22E-09,46342.81213,1.14E-06,,0.006359494,0.417433934
0.006424898,7.35E-09,46017.93838,1.14E-06,,0.006424898,0.418434735
0.00649089,7.48E-09,45695.51163,1.15E-06,,0.00649089,0.419435536
0.006557473,7.62E-09,45375.51007,1.16E-06,,0.006557473,0.420436336
0.006624652,7.75E-09,45057.91215,1.17E-06,,0.006624652,0.421437137
0.006692432,7.89E-09,44742.69653,1.18E-06,,0.006692432,0.422437938
0.006760819,8.03E-09,44429.84212,1.19E-06,,0.006760819,0.423438739
0.006829818,8.18E-09,44119.32803,1.20E-06,,0.006829818,0.42443954
0.006899432,8.32E-09,43811.13361,1.21E-06,,0.006899432,0.42544034
0.006969668,8.47E-09,43505.23844,1.22E-06,,0.006969668,0.426441141
0.007040531,8.62E-09,43201.62229,1.22E-06,,0.007040531,0.427441942
0.007112026,8.77E-09,42900.26517,1.23E-06,,0.007112026,0.428442743
0.007184157,8.93E-09,42601.14729,1.24E-06,,0.007184157,0.429443544
0.007256931,9.08E-09,42304.24906,1.25E-06,,0.007256931,0.430444344
0.007330352,9.25E-09,42009.55113,1.26E-06,,0.007330352,0.431445145
0.007404427,9.41E-09,41717.03432,1.27E-06,,0.007404427,0.432445946
0.007479159,9.57E-09,41426.67966,1.28E-06,,0.007479159,0.433446747
0.007554556,9.74E-09,41138.4684,1.29E-06,,0.007554556,0.434447548
0.007630622,9.91E-09,40852.38196,1.30E-06,,0.007630622,0.435448348
0.007707362,1.01E-08,40568.40196,1.31E-06,,0.007707362,0.436449149
0.007784784,1.03E-08,40286.51022,1.32E-06,,0.007784784,0.43744995
0.007862891,1.04E-08,40006.68876,1.33E-06,,0.007862891,0.438450751
0.00794169,1.06E-08,39728.91975,1.34E-06,,0.00794169,0.439451552
0.008021186,1.08E-08,39453.18558,1.35E-06,,0.008021186,0.440452352
0.008101386,1.10E-08,39179.46881,1.36E-06,,0.008101386,0.441453153
0.008182295,1.12E-08,38907.75218,1.37E-06,,0.008182295,0.442453954
0.008263918,1.14E-08,38638.0186,1.38E-06,,0.008263918,0.443454755
0.008346263,1.16E-08,38370.25118,1.39E-06,,0.008346263,0.444455556
0.008429335,1.18E-08,38104.43317,1.40E-06,,0.008429335,0.445456356
0.008513139,1.20E-08,37840.54802,1.41E-06,,0.008513139,0.446457157
0.008597682,1.22E-08,37578.57934,1.42E-06,,0.008597682,0.447457958
0.008682971,1.24E-08,37318.5109,1.43E-06,,0.008682971,0.448458759
0.008769011,1.26E-08,37060.32664,1.44E-06,,0.008769011,0.44945956
0.008855809,1.28E-08,36804.01068,1.45E-06,,0.008855809,0.45046036
0.00894337,1.31E-08,36549.54727,1.46E-06,,0.00894337,0.451461161
0.009031702,1.33E-08,36296.92084,1.47E-06,,0.009031702,0.452461962
0.00912081,1.35E-08,36046.11598,1.48E-06,,0.00912081,0.453462763
0.009210701,1.37E-08,35797.11742,1.49E-06,,0.009210701,0.454463564
0.009301382,1.40E-08,35549.91005,1.50E-06,,0.009301382,0.455464364
0.00939286,1.42E-08,35304.47893,1.51E-06,,0.00939286,0.456465165
0.00948514,1.45E-08,35060.80924,1.53E-06,,0.00948514,0.457465966
0.009578229,1.47E-08,34818.88633,1.54E-06,,0.009578229,0.458466767
0.009672135,1.50E-08,34578.69569,1.55E-06,,0.009672135,0.459467568
0.009766864,1.52E-08,34340.22295,1.56E-06,,0.009766864,0.460468368
0.009862423,1.55E-08,34103.45389,1.57E-06,,0.009862423,0.461469169
0.009958818,1.57E-08,33868.37443,1.58E-06,,0.009958818,0.46246997
0.010056058,1.60E-08,33634.97063,1.59E-06,,0.010056058,0.463470771
0.010154148,1.63E-08,33403.22868,1.60E-06,,0.010154148,0.464471572
0.010253096,1.66E-08,33173.13492,1.62E-06,,0.010253096,0.465472372
0.01035291,1.68E-08,32944.67581,1.63E-06,,0.01035291,0.466473173
0.010453596,1.71E-08,32717.83796,1.64E-06,,0.010453596,0.467473974
0.010555162,1.74E-08,32492.6081,1.65E-06,,0.010555162,0.468474775
0.010657614,1.77E-08,32268.9731,1.66E-06,,0.010657614,0.469475576
0.010760961,1.80E-08,32046.91994,1.67E-06,,0.010760961,0.470476376
0.010865211,1.83E-08,31826.43574,1.69E-06,,0.010865211,0.471477177
0.010970369,1.86E-08,31607.50776,1.70E-06,,0.010970369,0.472477978
0.011076445,1.89E-08,31390.12335,1.71E-06,,0.011076445,0.473478779
0.011183446,1.93E-08,31174.27001,1.72E-06,,0.011183446,0.47447958
0.011291379,1.96E-08,30959.93535,1.73E-06,,0.011291379,0.47548038
0.011400253,1.99E-08,30747.10712,1.75E-06,,0.011400253,0.476481181
0.011510075,2.02E-08,30535.77315,1.76E-06,,0.011510075,0.477481982
0.011620854,2.06E-08,30325.92142,1.77E-06,,0.011620854,0.478482783
0.011732596,2.09E-08,30117.54001,1.78E-06,,0.011732596,0.479483584
0.011845312,2.13E-08,29910.61713,1.80E-06,,0.011845312,0.480484384
0.011959008,2.16E-08,29705.14108,1.81E-06,,0.011959008,0.481485185
0.012073692,2.20E-08,29501.1003,1.82E-06,,0.012073692,0.482485986
0.012189374,2.24E-08,29298.48331,1.83E-06,,0.012189374,0.483486787
0.012306062,2.27E-08,29097.27877,1.85E-06,,0.012306062,0.484487588
0.012423764,2.31E-08,28897.47542,1.86E-06,,0.012423764,0.485488388
0.012542488,2.35E-08,28699.06213,1.87E-06,,0.012542488,0.486489189
0.012662244,2.39E-08,28502.02786,1.89E-06,,0.012662244,0.48748999
0.01278304,2.43E-08,28306.36169,1.90E-06,,0.01278304,0.488490791
0.012904885,2.47E-08,28112.05279,1.91E-06,,0.012904885,0.489491592
0.013027787,2.51E-08,27919.09043,1.93E-06,,0.013027787,0.490492392
0.013151756,2.55E-08,27727.464,1.94E-06,,0.013151756,0.491493193
0.0132768,2.59E-08,27537.16297,1.95E-06,,0.0132768,0.492493994
0.01340293,2.64E-08,27348.17691,1.97E-06,,0.01340293,0.493494795
0.013530153,2.68E-08,27160.49551,1.98E-06,,0.013530153,0.494495596
0.013658479,2.72E-08,26974.10854,1.99E-06,,0.013658479,0.495496396
0.013787919,2.77E-08,26789.00586,2.01E-06,,0.013787919,0.496497197
0.01391848,2.81E-08,26605.17743,2.02E-06,,0.01391848,0.497497998
0.014050172,2.86E-08,26422.61331,2.04E-06,,0.014050172,0.498498799
0.014183006,2.91E-08,26241.30364,2.05E-06,,0.014183006,0.4994996
0.014316991,2.95E-08,26061.23868,2.06E-06,,0.014316991,0.5005004
0.014452137,3.00E-08,25882.40873,2.08E-06,,0.014452137,0.501501201
0.014588453,3.05E-08,25704.80424,2.09E-06,,0.014588453,0.502502002
0.01472595,3.10E-08,25528.41569,2.11E-06,,0.01472595,0.503502803
0.014864637,3.15E-08,25353.23369,2.12E-06,,0.014864637,0.504503604
0.015004525,3.20E-08,25179.24892,2.14E-06,,0.015004525,0.505504404
0.015145624,3.26E-08,25006.45215,2.15E-06,,0.015145624,0.506505205
0.015287944,3.31E-08,24834.83423,2.17E-06,,0.015287944,0.507506006
0.015431497,3.36E-08,24664.38609,2.18E-06,,0.015431497,0.508506807
0.015576292,3.42E-08,24495.09876,2.19E-06,,0.015576292,0.509507608
0.015722339,3.47E-08,24326.96333,2.21E-06,,0.015722339,0.510508408
0.015869651,3.53E-08,24159.971,2.23E-06,,0.015869651,0.511509209
0.016018237,3.59E-08,23994.11301,2.24E-06,,0.016018237,0.51251001
0.016168108,3.65E-08,23829.38071,2.26E-06,,0.016168108,0.513510811
0.016319276,3.71E-08,23665.76552,2.27E-06,,0.016319276,0.514511612
0.016471752,3.77E-08,23503.25894,2.29E-06,,0.016471752,0.515512412
0.016625547,3.83E-08,23341.85255,2.30E-06,,0.016625547,0.516513213
0.016780672,3.89E-08,23181.53799,2.32E-06,,0.016780672,0.517514014
0.016937139,3.95E-08,23022.307,2.33E-06,,0.016937139,0.518514815
0.017094959,4.02E-08,22864.15136,2.35E-06,,0.017094959,0.519515616
0.017254144,4.08E-08,22707.06297,2.37E-06,,0.017254144,0.520516416
0.017414706,4.15E-08,22551.03375,2.38E-06,,0.017414706,0.521517217
0.017576656,4.21E-08,22396.05574,2.40E-06,,0.017576656,0.522518018
0.017740007,4.28E-08,22242.12102,2.41E-06,,0.017740007,0.523518819
0.017904771,4.35E-08,22089.22175,2.43E-06,,0.017904771,0.52451962
0.01807096,4.42E-08,21937.35017,2.45E-06,,0.01807096,0.52552042
0.018238586,4.49E-08,21786.49857,2.46E-06,,0.018238586,0.526521221
0.018407662,4.56E-08,21636.65933,2.48E-06,,0.018407662,0.527522022
0.0185782,4.64E-08,21487.82487,2.50E-06,,0.0185782,0.528522823
0.018750214,4.71E-08,21339.9877,2.51E-06,,0.018750214,0.529523624
0.018923715,4.79E-08,21193.1404,2.53E-06,,0.018923715,0.530524424
0.019098717,4.86E-08,21047.27559,2.55E-06,,0.019098717,0.531525225
0.019275234,4.94E-08,20902.38598,2.56E-06,,0.019275234,0.532526026
0.019453277,5.02E-08,20758.46432,2.58E-06,,0.019453277,0.533526827
0.01963286,5.10E-08,20615.50345,2.60E-06,,0.01963286,0.534527628
0.019813998,5.18E-08,20473.49626,2.62E-06,,0.019813998,0.535528428
0.019996703,5.27E-08,20332.4357,2.63E-06,,0.019996703,0.536529229
0.020180989,5.35E-08,20192.31478,2.65E-06,,0.020180989,0.53753003
0.02036687,5.44E-08,20053.12657,2.67E-06,,0.02036687,0.538530831
0.020554361,5.52E-08,19914.86422,2.69E-06,,0.020554361,0.539531632
0.020743474,5.61E-08,19777.52092,2.71E-06,,0.020743474,0.540532432
0.020934224,5.70E-08,19641.08992,2.72E-06,,0.020934224,0.541533233
0.021126626,5.79E-08,19505.56454,2.74E-06,,0.021126626,0.542534034
0.021320695,5.88E-08,19370.93814,2.76E-06,,0.021320695,0.543534835
0.021516444,5.98E-08,19237.20416,2.78E-06,,0.021516444,0.544535636
0.021713889,6.07E-08,19104.35607,2.80E-06,,0.021713889,0.545536436
0.021913045,6.17E-08,18972.38742,2.82E-06,,0.021913045,0.546537237
0.022113926,6.27E-08,18841.29181,2.83E-06,,0.022113926,0.547538038
0.022316548,6.37E-08,18711.06289,2.85E-06,,0.022316548,0.548538839
0.022520927,6.47E-08,18581.69435,2.87E-06,,0.022520927,0.54953964
0.022727077,6.57E-08,18453.17997,2.89E-06,,0.022727077,0.55054044
0.022935015,6.67E-08,18325.51356,2.91E-06,,0.022935015,0.551541241
0.023144756,6.78E-08,18198.68897,2.93E-06,,0.023144756,0.552542042
0.023356317,6.89E-08,18072.70014,2.95E-06,,0.023356317,0.553542843
0.023569714,7.00E-08,17947.54102,2.97E-06,,0.023569714,0.554543644
0.023784962,7.11E-08,17823.20565,2.99E-06,,0.023784962,0.555544444
0.024002078,7.22E-08,17699.68809,3.01E-06,,0.024002078,0.556545245
0.02422108,7.33E-08,17576.98246,3.03E-06,,0.02422108,0.557546046
0.024441983,7.45E-08,17455.08294,3.05E-06,,0.024441983,0.558546847
0.024664806,7.57E-08,17333.98374,3.07E-06,,0.024664806,0.559547648
0.024889564,7.69E-08,17213.67915,3.09E-06,,0.024889564,0.560548448
0.025116275,7.81E-08,17094.16347,3.11E-06,,0.025116275,0.561549249
0.025344958,7.93E-08,16975.43107,3.13E-06,,0.025344958,0.56255005
0.025575628,8.06E-08,16857.47637,3.15E-06,,0.025575628,0.563550851
0.025808305,8.18E-08,16740.29383,3.17E-06,,0.025808305,0.564551652
0.026043006,8.31E-08,16623.87794,3.19E-06,,0.026043006,0.565552452
0.02627975,8.44E-08,16508.22328,3.21E-06,,0.02627975,0.566553253
0.026518554,8.57E-08,16393.32442,3.23E-06,,0.026518554,0.567554054
0.026759438,8.71E-08,16279.17602,3.25E-06,,0.026759438,0.568554855
0.02700242,8.85E-08,16165.77277,3.28E-06,,0.02700242,0.569555656
0.027247519,8.98E-08,16053.10939,3.30E-06,,0.027247519,0.570556456
0.027494755,9.13E-08,15941.18066,3.32E-06,,0.027494755,0.571557257
0.027744146,9.27E-08,15829.9814,3.34E-06,,0.027744146,0.572558058
0.027995712,9.41E-08,15719.50648,3.36E-06,,0.027995712,0.573558859
0.028249473,9.56E-08,15609.75079,3.38E-06,,0.028249473,0.57455966
0.028505449,9.71E-08,15500.70928,3.41E-06,,0.028505449,0.57556046
0.028763659,9.86E-08,15392.37694,3.43E-06,,0.028763659,0.576561261
0.029024125,1.00E-07,15284.74881,3.45E-06,,0.029024125,0.577562062
0.029286867,1.02E-07,15177.81994,3.47E-06,,0.029286867,0.578562863
0.029551906,1.03E-07,15071.58545,3.50E-06,,0.029551906,0.579563664
0.029819262,1.05E-07,14966.0405,3.52E-06,,0.029819262,0.580564464
0.030088956,1.07E-07,14861.18026,3.54E-06,,0.030088956,0.581565265
0.030361011,1.08E-07,14756.99997,3.57E-06,,0.030361011,0.582566066
0.030635448,1.10E-07,14653.49491,3.59E-06,,0.030635448,0.583566867
0.030912288,1.12E-07,14550.66037,3.61E-06,,0.030912288,0.584567668
0.031191554,1.13E-07,14448.4917,3.64E-06,,0.031191554,0.585568468
0.031473267,1.15E-07,14346.98428,3.66E-06,,0.031473267,0.586569269
0.031757452,1.17E-07,14246.13354,3.68E-06,,0.031757452,0.58757007
0.03204413,1.19E-07,14145.93494,3.71E-06,,0.03204413,0.588570871
0.032333324,1.21E-07,14046.38396,3.73E-06,,0.032333324,0.589571672
0.032625057,1.23E-07,13947.47613,3.76E-06,,0.032625057,0.590572472
0.032919354,1.24E-07,13849.20703,3.78E-06,,0.032919354,0.591573273
0.033216238,1.26E-07,13751.57226,3.80E-06,,0.033216238,0.592574074
0.033515733,1.28E-07,13654.56746,3.83E-06,,0.033515733,0.593574875
0.033817862,1.30E-07,13558.18829,3.85E-06,,0.033817862,0.594575676
0.034122652,1.32E-07,13462.43046,3.88E-06,,0.034122652,0.595576476
0.034430125,1.34E-07,13367.28973,3.90E-06,,0.034430125,0.596577277
0.034740308,1.37E-07,13272.76185,3.93E-06,,0.034740308,0.597578078
0.035053226,1.39E-07,13178.84266,3.96E-06,,0.035053226,0.598578879
0.035368904,1.41E-07,13085.52797,3.98E-06,,0.035368904,0.59957968
0.035687368,1.43E-07,12992.81369,4.01E-06,,0.035687368,0.60058048
0.036008645,1.45E-07,12900.6957,4.03E-06,,0.036008645,0.601581281
0.03633276,1.47E-07,12809.16996,4.06E-06,,0.03633276,0.602582082
0.03665974,1.50E-07,12718.23244,4.09E-06,,0.03665974,0.603582883
0.036989613,1.52E-07,12627.87914,4.11E-06,,0.036989613,0.604583684
0.037322405,1.54E-07,12538.10611,4.14E-06,,0.037322405,0.605584484
0.037658145,1.57E-07,12448.9094,4.16E-06,,0.037658145,0.606585285
0.037996859,1.59E-07,12360.28513,4.19E-06,,0.037996859,0.607586086
0.038338576,1.62E-07,12272.22942,4.22E-06,,0.038338576,0.608586887
0.038683325,1.64E-07,12184.73843,4.25E-06,,0.038683325,0.609587688
0.039031134,1.67E-07,12097.80836,4.27E-06,,0.039031134,0.610588488
0.039382033,1.69E-07,12011.43542,4.30E-06,,0.039382033,0.611589289
0.03973605,1.72E-07,11925.61586,4.33E-06,,0.03973605,0.61259009
0.040093216,1.75E-07,11840.34598,4.36E-06,,0.040093216,0.613590891
0.04045356,1.77E-07,11755.62207,4.38E-06,,0.04045356,0.614591692
0.040817114,1.80E-07,11671.44047,4.41E-06,,0.040817114,0.615592492
0.041183907,1.83E-07,11587.79755,4.44E-06,,0.041183907,0.616593293
0.04155397,1.86E-07,11504.68971,4.47E-06,,0.04155397,0.617594094
0.041927336,1.89E-07,11422.11337,4.50E-06,,0.041927336,0.618594895
0.042304035,1.92E-07,11340.06497,4.53E-06,,0.042304035,0.619595696
0.042684101,1.95E-07,11258.54101,4.56E-06,,0.042684101,0.620596496
0.043067564,1.98E-07,11177.53797,4.59E-06,,0.043067564,0.621597297
0.043454459,2.01E-07,11097.05241,4.62E-06,,0.043454459,0.622598098
0.043844818,2.04E-07,11017.08087,4.65E-06,,0.043844818,0.623598899
0.044238675,2.07E-07,10937.61994,4.68E-06,,0.044238675,0.6245997
0.044636064,2.10E-07,10858.66623,4.71E-06,,0.044636064,0.625600501
0.045037019,2.13E-07,10780.21639,4.74E-06,,0.045037019,0.626601301
0.045441574,2.17E-07,10702.26707,4.77E-06,,0.045441574,0.627602102
0.045849766,2.20E-07,10624.81497,4.80E-06,,0.045849766,0.628602903
0.046261629,2.23E-07,10547.85681,4.83E-06,,0.046261629,0.629603704
0.046677199,2.27E-07,10471.38931,4.86E-06,,0.046677199,0.630604505
0.047096512,2.30E-07,10395.40926,4.89E-06,,0.047096512,0.631605305
0.047519606,2.34E-07,10319.91343,4.92E-06,,0.047519606,0.632606106
0.047946517,2.37E-07,10244.89864,4.95E-06,,0.047946517,0.633606907
0.048377282,2.41E-07,10170.36174,4.98E-06,,0.048377282,0.634607708
0.048811941,2.45E-07,10096.29958,5.02E-06,,0.048811941,0.635608509
0.049250531,2.49E-07,10022.70906,5.05E-06,,0.049250531,0.636609309
0.04969309,2.52E-07,9949.587076,5.08E-06,,0.04969309,0.63761011
0.050139659,2.56E-07,9876.930569,5.11E-06,,0.050139659,0.638610911
0.050590278,2.60E-07,9804.736496,5.15E-06,,0.050590278,0.639611712
0.051044985,2.64E-07,9733.001836,5.18E-06,,0.051044985,0.640612513
0.051503823,2.68E-07,9661.723594,5.21E-06,,0.051503823,0.641613313
0.051966831,2.73E-07,9590.898793,5.25E-06,,0.051966831,0.642614114
0.052434052,2.77E-07,9520.524483,5.28E-06,,0.052434052,0.643614915
0.052905529,2.81E-07,9450.597734,5.31E-06,,0.052905529,0.644615716
0.053381302,2.85E-07,9381.115637,5.35E-06,,0.053381302,0.645616517
0.053861416,2.90E-07,9312.075308,5.38E-06,,0.053861416,0.646617317
0.054345915,2.94E-07,9243.473881,5.42E-06,,0.054345915,0.647618118
0.054834841,2.99E-07,9175.308515,5.45E-06,,0.054834841,0.648618919
0.055328241,3.03E-07,9107.576387,5.48E-06,,0.055328241,0.64961972
0.055826159,3.08E-07,9040.274697,5.52E-06,,0.055826159,0.650620521
0.05632864,3.13E-07,8973.400666,5.55E-06,,0.05632864,0.651621321
0.056835731,3.18E-07,8906.951535,5.59E-06,,0.056835731,0.652622122
0.05734748,3.23E-07,8840.924565,5.63E-06,,0.05734748,0.653622923
0.057863932,3.28E-07,8775.31704,5.66E-06,,0.057863932,0.654623724
0.058385137,3.33E-07,8710.12626,5.70E-06,,0.058385137,0.655624525
0.058911142,3.38E-07,8645.349549,5.73E-06,,0.058911142,0.656625325
0.059441997,3.43E-07,8580.984248,5.77E-06,,0.059441997,0.657626126
0.059977752,3.48E-07,8517.02772,5.81E-06,,0.059977752,0.658626927
0.060518456,3.54E-07,8453.477346,5.85E-06,,0.060518456,0.659627728
0.06106416,3.59E-07,8390.330527,5.88E-06,,0.06106416,0.660628529
0.061614917,3.65E-07,8327.584682,5.92E-06,,0.061614917,0.661629329
0.062170778,3.70E-07,8265.23725,5.96E-06,,0.062170778,0.66263013
0.062731796,3.76E-07,8203.285689,6.00E-06,,0.062731796,0.663630931
0.063298024,3.82E-07,8141.727476,6.03E-06,,0.063298024,0.664631732
0.063869517,3.88E-07,8080.560106,6.07E-06,,0.063869517,0.665632533
0.064446328,3.94E-07,8019.781091,6.11E-06,,0.064446328,0.666633333
0.065028515,4.00E-07,7959.387963,6.15E-06,,0.065028515,0.667634134
0.065616131,4.06E-07,7899.378272,6.19E-06,,0.065616131,0.668634935
0.066209236,4.12E-07,7839.749586,6.23E-06,,0.066209236,0.669635736
0.066807885,4.19E-07,7780.499489,6.27E-06,,0.066807885,0.670636537
0.067412137,4.25E-07,7721.625585,6.31E-06,,0.067412137,0.671637337
0.068022051,4.32E-07,7663.125493,6.35E-06,,0.068022051,0.672638138
0.068637687,4.39E-07,7604.996853,6.39E-06,,0.068637687,0.673638939
0.069259105,4.45E-07,7547.237317,6.43E-06,,0.069259105,0.67463974
0.069886366,4.52E-07,7489.844558,6.47E-06,,0.069886366,0.675640541
0.070519532,4.59E-07,7432.816266,6.51E-06,,0.070519532,0.676641341
0.071158666,4.66E-07,7376.150144,6.56E-06,,0.071158666,0.677642142
0.071803832,4.74E-07,7319.843916,6.60E-06,,0.071803832,0.678642943
0.072455093,4.81E-07,7263.895319,6.64E-06,,0.072455093,0.679643744
0.073112515,4.89E-07,7208.30211,6.68E-06,,0.073112515,0.680644545
0.073776163,4.96E-07,7153.062057,6.72E-06,,0.073776163,0.681645345
0.074446106,5.04E-07,7098.17295,6.77E-06,,0.074446106,0.682646146
0.075122409,5.12E-07,7043.63259,6.81E-06,,0.075122409,0.683646947
0.075805142,5.20E-07,6989.438797,6.85E-06,,0.075805142,0.684647748
0.076494375,5.28E-07,6935.589404,6.90E-06,,0.076494375,0.685648549
0.077190176,5.36E-07,6882.082262,6.94E-06,,0.077190176,0.686649349
0.077892619,5.44E-07,6828.915237,6.99E-06,,0.077892619,0.68765015
0.078601774,5.53E-07,6776.086208,7.03E-06,,0.078601774,0.688650951
0.079317715,5.61E-07,6723.593072,7.08E-06,,0.079317715,0.689651752
0.080040516,5.70E-07,6671.433739,7.12E-06,,0.080040516,0.690652553
0.080770252,5.79E-07,6619.606135,7.17E-06,,0.080770252,0.691653353
0.081506998,5.88E-07,6568.108201,7.21E-06,,0.081506998,0.692654154
0.082250833,5.97E-07,6516.937891,7.26E-06,,0.082250833,0.693654955
0.083001834,6.06E-07,6466.093176,7.31E-06,,0.083001834,0.694655756
0.083760079,6.16E-07,6415.572039,7.35E-06,,0.083760079,0.695656557
0.084525649,6.25E-07,6365.372479,7.40E-06,,0.084525649,0.696657357
0.085298626,6.35E-07,6315.492508,7.45E-06,,0.085298626,0.697658158
0.08607909,6.45E-07,6265.930153,7.50E-06,,0.08607909,0.698658959
0.086867127,6.55E-07,6216.683455,7.54E-06,,0.086867127,0.69965976
0.087662819,6.66E-07,6167.750468,7.59E-06,,0.087662819,0.700660561
0.088466254,6.76E-07,6119.129259,7.64E-06,,0.088466254,0.701661361
0.089277516,6.86E-07,6070.817912,7.69E-06,,0.089277516,0.702662162
0.090096695,6.97E-07,6022.814521,7.74E-06,,0.090096695,0.703662963
0.090923879,7.08E-07,5975.117195,7.79E-06,,0.090923879,0.704663764
0.091759159,7.19E-07,5927.724055,7.84E-06,,0.091759159,0.705664565
0.092602626,7.31E-07,5880.633238,7.89E-06,,0.092602626,0.706665365
0.093454373,7.42E-07,5833.84289,7.94E-06,,0.093454373,0.707666166
0.094314494,7.54E-07,5787.351174,7.99E-06,,0.094314494,0.708666967
0.095183085,7.65E-07,5741.156264,8.04E-06,,0.095183085,0.709667768
0.096060241,7.77E-07,5695.256345,8.09E-06,,0.096060241,0.710668569
0.096946062,7.90E-07,5649.649619,8.15E-06,,0.096946062,0.711669369
0.097840646,8.02E-07,5604.334296,8.20E-06,,0.097840646,0.71267017
0.098744094,8.15E-07,5559.308602,8.25E-06,,0.098744094,0.713670971
0.099656509,8.28E-07,5514.570773,8.30E-06,,0.099656509,0.714671772
0.100577993,8.41E-07,5470.119058,8.36E-06,,0.100577993,0.715672573
0.101508653,8.54E-07,5425.951719,8.41E-06,,0.101508653,0.716673373
0.102448593,8.67E-07,5382.06703,8.47E-06,,0.102448593,0.717674174
0.103397923,8.81E-07,5338.463274,8.52E-06,,0.103397923,0.718674975
0.104356752,8.95E-07,5295.138751,8.57E-06,,0.104356752,0.719675776
0.105325192,9.09E-07,5252.091768,8.63E-06,,0.105325192,0.720676577
0.106303354,9.23E-07,5209.320647,8.69E-06,,0.106303354,0.721677377
0.107291352,9.38E-07,5166.823719,8.74E-06,,0.107291352,0.722678178
0.108289304,9.53E-07,5124.59933,8.80E-06,,0.108289304,0.723678979
0.109297327,9.68E-07,5082.645833,8.85E-06,,0.109297327,0.72467978
0.110315539,9.83E-07,5040.961596,8.91E-06,,0.110315539,0.725680581
0.111344062,9.99E-07,4999.544996,8.97E-06,,0.111344062,0.726681381
0.112383019,1.01E-06,4958.394422,9.03E-06,,0.112383019,0.727682182
0.113432534,1.03E-06,4917.508275,9.09E-06,,0.113432534,0.728682983
0.114492733,1.05E-06,4876.884966,9.14E-06,,0.114492733,0.729683784
0.115563745,1.06E-06,4836.522916,9.20E-06,,0.115563745,0.730684585
0.1166457,1.08E-06,4796.420558,9.26E-06,,0.1166457,0.731685385
0.11773873,1.10E-06,4756.576336,9.32E-06,,0.11773873,0.732686186
0.118842969,1.12E-06,4716.988704,9.38E-06,,0.118842969,0.733686987
0.119958552,1.13E-06,4677.656126,9.44E-06,,0.119958552,0.734687788
0.121085619,1.15E-06,4638.577078,9.51E-06,,0.121085619,0.735688589
0.122224308,1.17E-06,4599.750045,9.57E-06,,0.122224308,0.736689389
0.123374762,1.19E-06,4561.173524,9.63E-06,,0.123374762,0.73769019
0.124537125,1.21E-06,4522.846019,9.69E-06,,0.124537125,0.738690991
0.125711545,1.23E-06,4484.766049,9.76E-06,,0.125711545,0.739691792
0.126898168,1.25E-06,4446.932138,9.82E-06,,0.126898168,0.740692593
0.128097147,1.27E-06,4409.342823,9.88E-06,,0.128097147,0.741693393
0.129308634,1.29E-06,4371.996651,9.95E-06,,0.129308634,0.742694194
0.130532786,1.31E-06,4334.892178,1.00E-05,,0.130532786,0.743694995
0.131769759,1.33E-06,4298.02797,1.01E-05,,0.131769759,0.744695796
0.133019715,1.35E-06,4261.402602,1.01E-05,,0.133019715,0.745696597
0.134282816,1.37E-06,4225.01466,1.02E-05,,0.134282816,0.746697397
0.135559228,1.39E-06,4188.862738,1.03E-05,,0.135559228,0.747698198
0.136849118,1.42E-06,4152.945441,1.03E-05,,0.136849118,0.748698999
0.138152658,1.44E-06,4117.261383,1.04E-05,,0.138152658,0.7496998
0.13947002,1.46E-06,4081.809186,1.05E-05,,0.13947002,0.750700601
0.14080138,1.49E-06,4046.587483,1.05E-05,,0.14080138,0.751701401
0.142146917,1.51E-06,4011.594916,1.06E-05,,0.142146917,0.752702202
0.143506812,1.53E-06,3976.830135,1.07E-05,,0.143506812,0.753703003
0.144881251,1.56E-06,3942.2918,1.08E-05,,0.144881251,0.754703804
0.146270419,1.58E-06,3907.978579,1.08E-05,,0.146270419,0.755704605
0.147674509,1.61E-06,3873.889151,1.09E-05,,0.147674509,0.756705405
0.149093712,1.64E-06,3840.022202,1.10E-05,,0.149093712,0.757706206
0.150528226,1.66E-06,3806.376427,1.10E-05,,0.150528226,0.758707007
0.15197825,1.69E-06,3772.95053,1.11E-05,,0.15197825,0.759707808
0.153443987,1.72E-06,3739.743224,1.12E-05,,0.153443987,0.760708609
0.154925644,1.74E-06,3706.75323,1.13E-05,,0.154925644,0.761709409
0.156423429,1.77E-06,3673.979279,1.13E-05,,0.156423429,0.76271021
0.157937556,1.80E-06,3641.420108,1.14E-05,,0.157937556,0.763711011
0.159468242,1.83E-06,3609.074464,1.15E-05,,0.159468242,0.764711812
0.161015706,1.86E-06,3576.941102,1.16E-05,,0.161015706,0.765712613
0.162580173,1.89E-06,3545.018786,1.16E-05,,0.162580173,0.766713413
0.164161869,1.92E-06,3513.306287,1.17E-05,,0.164161869,0.767714214
0.165761026,1.95E-06,3481.802385,1.18E-05,,0.165761026,0.768715015
0.167377879,1.99E-06,3450.505868,1.19E-05,,0.167377879,0.769715816
0.169012667,2.02E-06,3419.415532,1.19E-05,,0.169012667,0.770716617
0.170665633,2.05E-06,3388.53018,1.20E-05,,0.170665633,0.771717417
0.172337025,2.09E-06,3357.848624,1.21E-05,,0.172337025,0.772718218
0.174027094,2.12E-06,3327.369685,1.22E-05,,0.174027094,0.773719019
0.175736095,2.16E-06,3297.09219,1.23E-05,,0.175736095,0.77471982
0.177464289,2.19E-06,3267.014973,1.24E-05,,0.177464289,0.775720621
0.17921194,2.23E-06,3237.136878,1.24E-05,,0.17921194,0.776721421
0.180979318,2.27E-06,3207.456756,1.25E-05,,0.180979318,0.777722222
0.182766695,2.30E-06,3177.973464,1.26E-05,,0.182766695,0.778723023
0.184574352,2.34E-06,3148.685869,1.27E-05,,0.184574352,0.779723824
0.186402571,2.38E-06,3119.592843,1.28E-05,,0.186402571,0.780724625
0.188251641,2.42E-06,3090.693267,1.29E-05,,0.188251641,0.781725425
0.190121855,2.46E-06,3061.98603,1.29E-05,,0.190121855,0.782726226
0.192013511,2.50E-06,3033.470026,1.30E-05,,0.192013511,0.783727027
0.193926915,2.54E-06,3005.144158,1.31E-05,,0.193926915,0.784727828
0.195862375,2.59E-06,2977.007337,1.32E-05,,0.195862375,0.785728629
0.197820207,2.63E-06,2949.058478,1.33E-05,,0.197820207,0.786729429
0.199800731,2.67E-06,2921.296506,1.34E-05,,0.199800731,0.78773023
0.201804273,2.72E-06,2893.720353,1.35E-05,,0.201804273,0.788731031
0.203831166,2.76E-06,2866.328955,1.36E-05,,0.203831166,0.789731832
0.205881748,2.81E-06,2839.12126,1.37E-05,,0.205881748,0.790732633
0.207956364,2.86E-06,2812.096217,1.37E-05,,0.207956364,0.791733433
0.210055365,2.91E-06,2785.252788,1.38E-05,,0.210055365,0.792734234
0.212179108,2.96E-06,2758.589936,1.39E-05,,0.212179108,0.793735035
0.214327958,3.01E-06,2732.106635,1.40E-05,,0.214327958,0.794735836
0.216502284,3.06E-06,2705.801864,1.41E-05,,0.216502284,0.795736637
0.218702466,3.11E-06,2679.674609,1.42E-05,,0.218702466,0.796737437
0.220928887,3.16E-06,2653.723862,1.43E-05,,0.220928887,0.797738238
0.223181939,3.22E-06,2627.948622,1.44E-05,,0.223181939,0.798739039
0.225462023,3.27E-06,2602.347895,1.45E-05,,0.225462023,0.79973984
0.227769545,3.33E-06,2576.920694,1.46E-05,,0.227769545,0.800740641
0.230104921,3.39E-06,2551.666036,1.47E-05,,0.230104921,0.801741441
0.232468572,3.44E-06,2526.582948,1.48E-05,,0.232468572,0.802742242
0.234860931,3.50E-06,2501.670459,1.49E-05,,0.234860931,0.803743043
0.237282436,3.56E-06,2476.927608,1.50E-05,,0.237282436,0.804743844
0.239733535,3.62E-06,2452.353439,1.51E-05,,0.239733535,0.805744645
0.242214686,3.69E-06,2427.947002,1.52E-05,,0.242214686,0.806745445
0.244726353,3.75E-06,2403.707353,1.53E-05,,0.244726353,0.807746246
0.247269011,3.82E-06,2379.633555,1.54E-05,,0.247269011,0.808747047
0.249843145,3.88E-06,2355.724676,1.55E-05,,0.249843145,0.809747848
0.252449249,3.95E-06,2331.979791,1.56E-05,,0.252449249,0.810748649
0.255087825,4.02E-06,2308.397981,1.58E-05,,0.255087825,0.811749449
0.257759389,4.09E-06,2284.978332,1.59E-05,,0.257759389,0.81275025
0.260464465,4.16E-06,2261.719937,1.60E-05,,0.260464465,0.813751051
0.263203586,4.23E-06,2238.621895,1.61E-05,,0.263203586,0.814751852
0.265977299,4.31E-06,2215.68331,1.62E-05,,0.265977299,0.815752653
0.268786162,4.38E-06,2192.903291,1.63E-05,,0.268786162,0.816753453
0.271630742,4.46E-06,2170.280956,1.64E-05,,0.271630742,0.817754254
0.27451162,4.54E-06,2147.815426,1.65E-05,,0.27451162,0.818755055
0.277429388,4.62E-06,2125.505828,1.67E-05,,0.277429388,0.819755856
0.28038465,4.70E-06,2103.351295,1.68E-05,,0.28038465,0.820756657
0.283378025,4.79E-06,2081.350967,1.69E-05,,0.283378025,0.821757457
0.286410142,4.87E-06,2059.503987,1.70E-05,,0.286410142,0.822758258
0.289481645,4.96E-06,2037.809505,1.71E-05,,0.289481645,0.823759059
0.292593192,5.05E-06,2016.266677,1.72E-05,,0.292593192,0.82475986
0.295745455,5.14E-06,1994.874664,1.74E-05,,0.295745455,0.825760661
0.29893912,5.23E-06,1973.632632,1.75E-05,,0.29893912,0.826761461
0.302174887,5.32E-06,1952.539754,1.76E-05,,0.302174887,0.827762262
0.305453473,5.42E-06,1931.595205,1.77E-05,,0.305453473,0.828763063
0.30877561,5.52E-06,1910.798169,1.79E-05,,0.30877561,0.829763864
0.312142045,5.62E-06,1890.147833,1.80E-05,,0.312142045,0.830764665
0.315553544,5.72E-06,1869.643392,1.81E-05,,0.315553544,0.831765465
0.319010889,5.82E-06,1849.284042,1.83E-05,,0.319010889,0.832766266
0.322514877,5.93E-06,1829.068989,1.84E-05,,0.322514877,0.833767067
0.326066328,6.04E-06,1808.997439,1.85E-05,,0.326066328,0.834767868
0.329666075,6.15E-06,1789.068609,1.86E-05,,0.329666075,0.835768669
0.333314973,6.26E-06,1769.281716,1.88E-05,,0.333314973,0.836769469
0.337013898,6.38E-06,1749.635984,1.89E-05,,0.337013898,0.83777027
0.340763742,6.49E-06,1730.130644,1.91E-05,,0.340763742,0.838771071
0.344565421,6.61E-06,1710.764929,1.92E-05,,0.344565421,0.839771872
0.348419872,6.73E-06,1691.538079,1.93E-05,,0.348419872,0.840772673
0.352328052,6.86E-06,1672.449337,1.95E-05,,0.352328052,0.841773473
0.356290941,6.99E-06,1653.497954,1.96E-05,,0.356290941,0.842774274
0.360309545,7.12E-06,1634.683182,1.98E-05,,0.360309545,0.843775075
0.36438489,7.25E-06,1616.004282,1.99E-05,,0.36438489,0.844775876
0.36851803,7.39E-06,1597.460516,2.00E-05,,0.36851803,0.845776677
0.372710041,7.52E-06,1579.051154,2.02E-05,,0.372710041,0.846777477
0.376962029,7.67E-06,1560.775469,2.03E-05,,0.376962029,0.847778278
0.381275123,7.81E-06,1542.632739,2.05E-05,,0.381275123,0.848779079
0.385650482,7.96E-06,1524.622248,2.06E-05,,0.385650482,0.84977988
0.390089293,8.11E-06,1506.743282,2.08E-05,,0.390089293,0.850780681
0.394592774,8.26E-06,1488.995134,2.09E-05,,0.394592774,0.851781481
0.399162171,8.42E-06,1471.377102,2.11E-05,,0.399162171,0.852782282
0.403798762,8.58E-06,1453.888486,2.13E-05,,0.403798762,0.853783083
0.408503858,8.75E-06,1436.528594,2.14E-05,,0.408503858,0.854783884
0.413278804,8.91E-06,1419.296736,2.16E-05,,0.413278804,0.855784685
0.418124978,9.09E-06,1402.192227,2.17E-05,,0.418124978,0.856785485
0.423043794,9.26E-06,1385.214387,2.19E-05,,0.423043794,0.857786286
0.428036703,9.44E-06,1368.362542,2.21E-05,,0.428036703,0.858787087
0.433105193,9.62E-06,1351.636019,2.22E-05,,0.433105193,0.859787888
0.438250794,9.81E-06,1335.034153,2.24E-05,,0.438250794,0.860788689
0.443475072,1.00E-05,1318.556281,2.26E-05,,0.443475072,0.861789489
0.448779638,1.02E-05,1302.201745,2.27E-05,,0.448779638,0.86279029
0.454166146,1.04E-05,1285.969893,2.29E-05,,0.454166146,0.863791091
0.459636294,1.06E-05,1269.860075,2.31E-05,,0.459636294,0.864791892
0.465191825,1.08E-05,1253.871646,2.32E-05,,0.465191825,0.865792693
0.470834533,1.10E-05,1238.003967,2.34E-05,,0.470834533,0.866793493
0.476566257,1.12E-05,1222.256402,2.36E-05,,0.476566257,0.867794294
0.482388892,1.15E-05,1206.628318,2.38E-05,,0.482388892,0.868795095
0.488304382,1.17E-05,1191.119088,2.40E-05,,0.488304382,0.869795896
0.494314728,1.19E-05,1175.728091,2.42E-05,,0.494314728,0.870796697
0.500421987,1.22E-05,1160.454705,2.43E-05,,0.500421987,0.871797497
0.506628275,1.24E-05,1145.298318,2.45E-05,,0.506628275,0.872798298
0.512935769,1.27E-05,1130.258317,2.47E-05,,0.512935769,0.873799099
0.519346708,1.29E-05,1115.334098,2.49E-05,,0.519346708,0.8747999
0.525863398,1.32E-05,1100.525058,2.51E-05,,0.525863398,0.875800701
0.532488212,1.35E-05,1085.830599,2.53E-05,,0.532488212,0.876801502
0.539223595,1.37E-05,1071.250127,2.55E-05,,0.539223595,0.877802302
0.546072062,1.40E-05,1056.783052,2.57E-05,,0.546072062,0.878803103
0.553036206,1.43E-05,1042.428789,2.59E-05,,0.553036206,0.879803904
0.560118698,1.46E-05,1028.186755,2.61E-05,,0.560118698,0.880804705
0.567322292,1.49E-05,1014.056375,2.63E-05,,0.567322292,0.881805506
0.574649825,1.52E-05,1000.037073,2.65E-05,,0.574649825,0.882806306
0.582104223,1.56E-05,986.1282813,2.67E-05,,0.582104223,0.883807107
0.589688504,1.59E-05,972.3294335,2.69E-05,,0.589688504,0.884807908
0.59740578,1.62E-05,958.6399685,2.72E-05,,0.59740578,0.885808709
0.605259264,1.66E-05,945.0593288,2.74E-05,,0.605259264,0.88680951
0.613252272,1.69E-05,931.586961,2.76E-05,,0.613252272,0.88781031
0.621388225,1.73E-05,918.2223157,2.78E-05,,0.621388225,0.888811111
0.629670659,1.77E-05,904.9648472,2.80E-05,,0.629670659,0.889811912
0.638103223,1.80E-05,891.814014,2.83E-05,,0.638103223,0.890812713
0.646689691,1.84E-05,878.7692786,2.85E-05,,0.646689691,0.891813514
0.65543396,1.88E-05,865.8301071,2.87E-05,,0.65543396,0.892814314
0.66434006,1.92E-05,852.9959698,2.90E-05,,0.66434006,0.893815115
0.67341216,1.97E-05,840.2663408,2.92E-05,,0.67341216,0.894815916
0.682654571,2.01E-05,827.6406981,2.94E-05,,0.682654571,0.895816717
0.692071752,2.06E-05,815.1185236,2.97E-05,,0.692071752,0.896817518
0.701668322,2.10E-05,802.6993032,2.99E-05,,0.701668322,0.897818318
0.71144906,2.15E-05,790.3825264,3.02E-05,,0.71144906,0.898819119
0.721418917,2.20E-05,778.1676869,3.04E-05,,0.721418917,0.89981992
0.731583023,2.25E-05,766.0542821,3.07E-05,,0.731583023,0.900820721
0.741946693,2.30E-05,754.0418132,3.10E-05,,0.741946693,0.901821522
0.752515438,2.35E-05,742.1297855,3.12E-05,,0.752515438,0.902822322
0.763294974,2.40E-05,730.3177078,3.15E-05,,0.763294974,0.903823123
0.774291231,2.46E-05,718.6050931,3.17E-05,,0.774291231,0.904823924
0.785510361,2.52E-05,706.9914581,3.20E-05,,0.785510361,0.905824725
0.796958754,2.57E-05,695.4763233,3.23E-05,,0.796958754,0.906825526
0.808643045,2.63E-05,684.0592133,3.26E-05,,0.808643045,0.907826326
0.820570128,2.70E-05,672.7396562,3.29E-05,,0.820570128,0.908827127
0.832747168,2.76E-05,661.5171843,3.31E-05,,0.832747168,0.909827928
0.845181618,2.83E-05,650.3913335,3.34E-05,,0.845181618,0.910828729
0.857881226,2.89E-05,639.3616437,3.37E-05,,0.857881226,0.91182953
0.870854061,2.96E-05,628.4276587,3.40E-05,,0.870854061,0.91283033
0.884108518,3.03E-05,617.588926,3.43E-05,,0.884108518,0.913831131
0.897653346,3.11E-05,606.8449972,3.46E-05,,0.897653346,0.914831932
0.911497658,3.18E-05,596.1954277,3.49E-05,,0.911497658,0.915832733
0.925650957,3.26E-05,585.6397767,3.52E-05,,0.925650957,0.916833534
0.940123153,3.34E-05,575.1776075,3.56E-05,,0.940123153,0.917834334
0.95492459,3.43E-05,564.8084872,3.59E-05,,0.95492459,0.918835135
0.970066062,3.51E-05,554.5319868,3.62E-05,,0.970066062,0.919835936
0.98555885,3.60E-05,544.3476814,3.65E-05,,0.98555885,0.920836737
1.00141474,3.69E-05,534.2551498,3.69E-05,,1.00141474,0.921837538
1.017646056,3.79E-05,524.2539751,3.72E-05,,1.017646056,0.922838338
1.034265694,3.88E-05,514.3437442,3.75E-05,,1.034265694,0.923839139
1.051287149,3.98E-05,504.5240481,3.79E-05,,1.051287149,0.92483994
1.06872456,4.09E-05,494.7944817,3.82E-05,,1.06872456,0.925840741
1.086592743,4.19E-05,485.1546441,3.86E-05,,1.086592743,0.926841542
1.104907234,4.30E-05,475.6041385,3.90E-05,,1.104907234,0.927842342
1.123684335,4.42E-05,466.1425721,3.93E-05,,1.123684335,0.928843143
1.142941162,4.54E-05,456.7695563,3.97E-05,,1.142941162,0.929843944
1.1626957,4.66E-05,447.4847066,4.01E-05,,1.1626957,0.930844745
1.182966854,4.79E-05,438.2876428,4.05E-05,,1.182966854,0.931845546
1.203774517,4.92E-05,429.177989,4.08E-05,,1.203774517,0.932846346
1.225139629,5.05E-05,420.1553733,4.12E-05,,1.225139629,0.933847147
1.247084256,5.19E-05,411.2194283,4.16E-05,,1.247084256,0.934847948
1.269631662,5.34E-05,402.369791,4.20E-05,,1.269631662,0.935848749
1.292806395,5.49E-05,393.6061027,4.25E-05,,1.292806395,0.93684955
1.316634381,5.65E-05,384.9280091,4.29E-05,,1.316634381,0.93785035
1.341143022,5.81E-05,376.3351605,4.33E-05,,1.341143022,0.938851151
1.366361302,5.98E-05,367.8272116,4.37E-05,,1.366361302,0.939851952
1.392319913,6.15E-05,359.4038218,4.42E-05,,1.392319913,0.940852753
1.419051376,6.33E-05,351.0646551,4.46E-05,,1.419051376,0.941853554
1.44659019,6.52E-05,342.8093803,4.51E-05,,1.44659019,0.942854354
1.474972984,6.72E-05,334.6376707,4.55E-05,,1.474972984,0.943855155
1.504238689,6.92E-05,326.5492049,4.60E-05,,1.504238689,0.944855956
1.534428727,7.13E-05,318.5436659,4.65E-05,,1.534428727,0.945856757
1.565587216,7.36E-05,310.620742,4.70E-05,,1.565587216,0.946857558
1.597761197,7.59E-05,302.7801265,4.75E-05,,1.597761197,0.947858358
1.631000891,7.83E-05,295.0215178,4.80E-05,,1.631000891,0.948859159
1.665359976,8.08E-05,287.3446196,4.85E-05,,1.665359976,0.94985996
1.700895897,8.34E-05,279.7491407,4.90E-05,,1.700895897,0.950860761
1.737670209,8.61E-05,272.2347956,4.95E-05,,1.737670209,0.951861562
1.775748966,8.89E-05,264.8013041,5.01E-05,,1.775748966,0.952862362
1.815203143,9.19E-05,257.4483917,5.06E-05,,1.815203143,0.953863163
1.856109123,9.50E-05,250.1757894,5.12E-05,,1.856109123,0.954863964
1.89854923,9.83E-05,242.9832344,5.18E-05,,1.89854923,0.955864765
1.942612336,0.000101703,235.8704694,5.24E-05,,1.942612336,0.956865566
1.988394543,0.000105282,228.8372435,5.29E-05,,1.988394543,0.957866366
2.035999956,0.000109037,221.8833117,5.36E-05,,2.035999956,0.958867167
2.085541554,0.00011298,215.0084353,5.42E-05,,2.085541554,0.959867968
2.137142185,0.000117124,208.2123822,5.48E-05,,2.137142185,0.960868769
2.190935698,0.000121484,201.4949265,5.54E-05,,2.190935698,0.96186957
2.247068246,0.000126074,194.8558491,5.61E-05,,2.247068246,0.96287037
2.305699764,0.000130912,188.2949377,5.68E-05,,2.305699764,0.963871171
2.367005693,0.000136016,181.8119866,5.75E-05,,2.367005693,0.964871972
2.431178959,0.000141408,175.4067973,5.82E-05,,2.431178959,0.965872773
2.498432278,0.00014711,169.0791781,5.89E-05,,2.498432278,0.966873574
2.56900084,0.000153148,162.8289444,5.96E-05,,2.56900084,0.967874374
2.643145457,0.000159549,156.6559189,6.04E-05,,2.643145457,0.968875175
2.721156264,0.000166344,150.5599311,6.11E-05,,2.721156264,0.969875976
2.803357098,0.00017357,144.5408177,6.19E-05,,2.803357098,0.970876777
2.890110708,0.000181264,138.5984223,6.27E-05,,2.890110708,0.971877578
2.981824983,0.000189471,132.7325952,6.35E-05,,2.981824983,0.972878378
3.078960449,0.00019824,126.943193,6.44E-05,,3.078960449,0.973879179
3.182039349,0.000207629,121.2300785,6.53E-05,,3.182039349,0.97487998
3.291656727,0.0002177,115.5931194,6.61E-05,,3.291656727,0.975880781
3.408494044,0.000228528,110.032188,6.70E-05,,3.408494044,0.976881582
3.533336057,0.000240197,104.5471597,6.80E-05,,3.533336057,0.977882382
3.667091939,0.000252804,99.13791113,6.89E-05,,3.667091939,0.978883183
3.810821926,0.000266462,93.80431833,6.99E-05,,3.810821926,0.979883984
3.965771353,0.000281305,88.54625325,7.09E-05,,3.965771353,0.980884785
4.133414571,0.000297489,83.36357978,7.20E-05,,4.133414571,0.981885586
4.315512404,0.000315199,78.25614808,7.30E-05,,4.315512404,0.982886386
4.514188351,0.000334659,73.22378685,7.41E-05,,4.514188351,0.983887187
4.732031273,0.000356139,68.26629276,7.53E-05,,4.732031273,0.984887988
4.972236243,0.000379968,63.38341567,7.64E-05,,4.972236243,0.985888789
5.238801618,0.000406557,58.57483792,7.76E-05,,5.238801618,0.98688959
5.536811111,0.000436419,53.84014465,7.88E-05,,5.536811111,0.98789039
5.872848163,0.000470211,49.17878063,8.01E-05,,5.872848163,0.988891191
6.255623336,0.00050879,44.58998595,8.13E-05,,6.255623336,0.989891992
6.696958499,0.000553294,40.07269774,8.26E-05,,6.696958499,0.990892793
7.213397407,0.000605282,35.62539491,8.39E-05,,7.213397407,0.991893594
7.828980104,0.000666956,31.24584282,8.52E-05,,7.828980104,0.992894394
8.580336695,0.00074156,26.93065187,8.64E-05,,8.580336695,0.993895195
9.526833445,0.000834132,22.67446317,8.76E-05,,9.526833445,0.994895996
10.77309606,0.000953078,18.46831086,8.85E-05,,10.77309606,0.995896797
12.5272486,0.001113928,14.29590435,8.89E-05,,12.5272486,0.996897598
15.29139662,0.001350365,10.12347849,8.83E-05,,15.29139662,0.997898398
20.82130362,0.001760846,5.861327432,8.46E-05,,20.82130362,0.998899199
56.96905078,0.003151613,0.964574503,5.53E-05,,56.96905078,0.9999
