Id,Time[Seconds],Infiltration[mm]
1,0,0
1,1,1.1
1,2,1.6
1,3,1.9
1,4,2.2
1,5,2.5
1,6,2.8
1,7,3
1,8,3.2
1,9,3.4
1,10,3.6
1,15,4.5
1,20,5.3
1,25,6
1,30,6.6
1,35,7.2
1,40,7.8
1,45,8.4
1,50,8.9
1,55,9.4
1,60,9.9
1,65,10.4
1,70,10.8
1,75,11.3
1,80,11.7
1,85,12.1
1,90,12.6
1,95,13
1,100,13.4
1,125,15.4
1,150,17.2
1,175,19
1,200,20.7
1,225,22.3
1,250,23.9
1,275,25.5
1,300,27
1,325,28.5
1,350,30
1,375,31.4
1,400,32.9
1,425,34.3
1,450,35.7
1,475,37.1
1,500,38.4
1,525,39.8
1,550,41.1
1,575,42.4
1,600,43.8
1,625,45.1
1,650,46.4
1,675,47.7
1,700,48.9
1,725,50.2
1,750,51.5
1,775,52.8
1,800,54
1,825,55.3
1,850,56.5
1,875,57.7
1,900,59
1,925,60.2
1,950,61.4
1,975,62.6
1,1000,63.8
1,1025,65
1,1050,66.3
1,1075,67.5
1,1100,68.6
1,1125,69.8
1,1150,71
1,1175,72.2
1,1200,73.4
1,1225,74.6
1,1250,75.7
2,0,0
2,1,3.7
2,2,5.4
2,3,6.7
2,4,7.8
2,5,8.9
2,6,9.8
2,7,10.7
2,8,11.6
2,9,12.4
2,10,13.2
2,15,16.7
2,20,19.9
2,25,22.8
2,30,25.5
2,35,28.1
2,40,30.6
2,45,33.1
2,50,35.4
2,55,37.7
2,60,40
2,65,42.2
2,70,44.4
2,75,46.5
2,80,48.6
2,85,50.7
2,90,52.7
2,95,54.7
2,100,56.7
2,125,66.5
2,150,75.8
2,175,84.9
2,200,93.7
2,225,102.4
2,250,111
2,275,119.4
2,300,127.7
2,325,135.9
2,350,144
2,375,152.1
2,400,160.1
2,425,168
2,450,175.9
2,475,183.7
3,0,0
3,1,1
3,2,1.4
3,3,1.7
3,4,2
3,5,2.3
3,6,2.5
3,7,2.7
3,8,2.9
3,9,3.1
3,10,3.3
3,15,4.1
3,20,4.8
3,25,5.4
3,30,6
3,35,6.5
3,40,7
3,45,7.5
3,50,8
3,55,8.5
3,60,8.9
3,65,9.3
3,70,9.7
3,75,10.1
3,80,10.5
3,85,10.9
3,90,11.3
3,95,11.7
3,100,12.1
3,125,13.8
3,150,15.5
3,175,17
3,200,18.6
3,225,20
3,250,21.5
3,275,22.9
3,300,24.2
3,325,25.6
3,350,26.9
3,375,28.2
3,400,29.5
3,425,30.7
3,450,32
3,475,33.2
3,500,34.4
3,525,35.6
3,550,36.8
3,575,38
3,600,39.2
3,625,40.4
3,650,41.6
3,675,42.7
3,700,43.9
3,725,45.1
3,750,46.2
3,775,47.3
3,800,48.5
3,825,49.6
3,850,50.7
3,875,51.9
3,900,53
3,925,54.1
4,0,0
4,1,1.1
4,2,1.6
4,3,1.9
4,4,2.2
4,5,2.5
4,6,2.8
4,7,3
4,8,3.2
4,9,3.4
4,10,3.6
4,15,4.5
4,20,5.3
4,25,6
4,30,6.6
4,35,7.2
4,40,7.8
4,45,8.4
4,50,8.9
4,55,9.4
4,60,9.9
4,65,10.4
4,70,10.8
4,75,11.3
4,80,11.7
4,85,12.1
4,90,12.6
4,95,13
4,100,13.4
4,125,15.4
4,150,17.2
4,175,19
4,200,20.7
4,225,22.3
4,250,23.9
4,275,25.5
4,300,27
4,325,28.5
4,350,30
4,375,31.4
4,400,32.9
4,425,34.3
4,450,35.7
4,475,37.1
4,500,38.4
4,525,39.8
4,550,41.1
4,575,42.4
4,600,43.8
4,625,45.1
4,650,46.4
4,675,47.7
4,700,48.9
4,725,50.2
4,750,51.5
4,775,52.8
4,800,54
4,825,55.3
4,850,56.5
4,875,57.7
4,900,59
4,925,60.2
4,950,61.4
4,975,62.6
4,1000,63.8
4,1025,65
4,1050,66.3
4,1075,67.5
4,1100,68.6
4,1125,69.8
4,1150,71
4,1175,72.2
4,1200,73.4
4,1225,74.6
4,1250,75.7
5,0,0
5,1,0.4
5,2,0.6
5,3,0.7
5,4,0.8
5,5,0.9
5,6,1
5,7,1
5,8,1.1
5,9,1.2
5,10,1.3
5,15,1.5
5,20,1.8
5,25,2
5,30,2.2
5,35,2.4
5,40,2.6
5,45,2.7
5,50,2.9
5,55,3
5,60,3.2
5,65,3.3
5,70,3.4
5,75,3.6
5,80,3.7
5,85,3.8
5,90,3.9
5,95,4
5,100,4.2
5,125,4.7
5,150,5.2
5,175,5.6
5,200,6.1
5,225,6.5
5,250,6.9
5,275,7.3
5,300,7.6
5,325,8
5,350,8.3
5,375,8.7
5,400,9
5,425,9.3
5,450,9.6
5,475,9.9
5,500,10.2
5,525,10.5
5,550,10.8
5,575,11.1
5,600,11.4
5,625,11.7
5,650,12
5,675,12.2
5,700,12.5
5,725,12.8
5,750,13
5,775,13.3
5,800,13.5
5,825,13.8
5,850,14.1
5,875,14.3
5,900,14.6
5,925,14.8
5,950,15
5,975,15.3
5,1000,15.5
5,1025,15.8
5,1050,16
5,1075,16.2
5,1100,16.5
5,1125,16.7
5,1150,16.9
5,1175,17.2
5,1200,17.4
5,1225,17.6
5,1250,17.8
5,1275,18.1
5,1300,18.3
5,1325,18.5
5,1350,18.7
5,1375,19
5,1400,19.2
5,1425,19.4
5,1450,19.6
5,1475,19.8
5,1500,20
5,1525,20.2
5,1550,20.5
5,1575,20.7
5,1600,20.9
5,1625,21.1
5,1650,21.3
5,1675,21.5
5,1700,21.7
5,1725,21.9
5,1750,22.1
5,1775,22.3
5,1800,22.5
5,1825,22.7
5,1850,22.9
5,1875,23.1
5,1900,23.4
5,1925,23.6
5,1950,23.8
5,1975,23.9
5,2000,24.2
5,2025,24.3
5,2050,24.5
5,2075,24.7
5,2100,24.9
5,2125,25.1
5,2150,25.3
5,2175,25.5
5,2200,25.7
5,2225,25.9
5,2250,26.1
5,2275,26.3
5,2300,26.5
5,2325,26.7
5,2350,26.9
5,2375,27.1
5,2400,27.3
5,2425,27.4
5,2450,27.6
5,2475,27.8
5,2500,28
5,2525,28.2
5,2550,28.4
5,2575,28.6
5,2600,28.8
5,2625,29
5,2650,29.1
5,2675,29.3
5,2700,29.5
5,2725,29.7
5,2750,29.9
5,2775,30.1
5,2800,30.2
5,2825,30.4
5,2850,30.6
5,2875,30.8
5,2900,31
5,2925,31.2
5,2950,31.3
5,2975,31.5
5,3000,31.7
5,3025,31.9
5,3050,32.1
5,3075,32.3
5,3100,32.4
5,3125,32.6
5,3150,32.8
5,3175,33
5,3200,33.1
5,3225,33.3
5,3250,33.5
5,3275,33.7
5,3300,33.9
5,3325,34
5,3350,34.2
5,3375,34.4
5,3400,34.6
5,3425,34.7
5,3450,34.9
5,3475,35.1
5,3500,35.3
5,3525,35.5
5,3550,35.6
5,3575,35.8
5,3600,36
5,3625,36.2
5,3650,36.3
5,3675,36.5
5,3700,36.7
5,3725,36.8
5,3750,37
5,3775,37.2
5,3800,37.4
5,3825,37.5
5,3850,37.7
5,3875,37.9
5,3900,38.1
5,3925,38.2
5,3950,38.4
5,3975,38.6
5,4000,38.7
5,4025,38.9
5,4050,39.1
5,4075,39.3
5,4100,39.4
5,4125,39.6
5,4150,39.8
5,4175,39.9
5,4200,40.1
5,4225,40.3
5,4250,40.4
5,4275,40.6
5,4300,40.8
5,4325,41
5,4350,41.1
5,4375,41.3
5,4400,41.5
5,4425,41.6
5,4450,41.8
5,4475,42
5,4500,42.1
5,4525,42.3
5,4550,42.5
5,4575,42.6
5,4600,42.8
5,4625,43
5,4650,43.1
5,4675,43.3
5,4700,43.5
5,4725,43.6
5,4750,43.8
5,4775,44
5,4800,44.1
5,4825,44.3
5,4850,44.5
5,4875,44.6
5,4900,44.8
5,4925,44.9
5,4950,45.1
5,4975,45.3
5,5000,45.4
5,5025,45.6
5,5050,45.8
5,5075,45.9
5,5100,46.1
5,5125,46.3
5,5150,46.4
5,5175,46.6
5,5200,46.8
5,5225,46.9
5,5250,47.1
5,5275,47.2
5,5300,47.4
5,5325,47.6
5,5350,47.7
5,5375,47.9
5,5400,48.1
5,5425,48.2
5,5450,48.4
5,5475,48.5
5,5500,48.7
5,5525,48.9
5,5550,49
5,5575,49.2
5,5600,49.3
5,5625,49.5
5,5650,49.7
5,5675,49.8
5,5700,50
5,5725,50.2
5,5750,50.3
5,5775,50.5
5,5800,50.6
5,5825,50.8
5,5850,51
5,5875,51.1
5,5900,51.3
5,5925,51.4
5,5950,51.6
5,5975,51.8
5,6000,51.9
5,6025,52.1
5,6050,52.2
5,6075,52.4
5,6100,52.6
5,6125,52.7
5,6150,52.9
5,6175,53
5,6200,53.2
5,6225,53.3
5,6250,53.5
5,6275,53.7
5,6300,53.8
5,6325,54
5,6350,54.1
5,6375,54.3
5,6400,54.5
5,6425,54.6
5,6450,54.8
5,6475,54.9
5,6500,55.1
5,6525,55.2
5,6550,55.4
5,6575,55.6
5,6600,55.7
5,6625,55.9
5,6650,56
5,6675,56.2
5,6700,56.3
5,6725,56.5
5,6750,56.7
5,6775,56.8
5,6800,57
5,6825,57.1
5,6850,57.3
5,6875,57.4
5,6900,57.6
5,6925,57.8
5,6950,57.9
5,6975,58.1
5,7000,58.2
5,7025,58.4
5,7050,58.5
5,7075,58.7
5,7100,58.8
5,7125,59
5,7150,59.2
5,7175,59.3
5,7200,59.5
6,0,0
6,1,0.3
6,2,0.4
6,3,0.5
6,4,0.6
6,5,0.7
6,6,0.8
6,7,0.8
6,8,0.9
6,9,1
6,10,1
6,15,1.2
6,20,1.5
6,25,1.7
6,30,1.8
6,35,2
6,40,2.2
6,45,2.3
6,50,2.5
6,55,2.6
6,60,2.7
6,65,2.9
6,70,3
6,75,3.2
6,80,3.3
6,85,3.4
6,90,3.5
6,95,3.6
6,100,3.8
6,125,4.3
6,150,4.8
6,175,5.3
6,200,5.8
6,225,6.3
6,250,6.8
6,275,7.2
6,300,7.7
6,325,8.1
6,350,8.5
6,375,8.9
6,400,9.4
6,425,9.8
6,450,10.2
6,475,10.6
6,500,11
6,525,11.4
6,550,11.8
6,575,12.2
6,600,12.6
6,625,13
6,650,13.3
6,675,13.7
6,700,14.1
6,725,14.5
6,750,14.9
6,775,15.2
6,800,15.6
6,825,16
6,850,16.4
6,875,16.7
6,900,17.1
6,925,17.5
6,950,17.8
6,975,18.2
6,1000,18.6
6,1025,18.9
6,1050,19.3
6,1075,19.7
6,1100,20
6,1125,20.4
6,1150,20.8
6,1175,21.1
6,1200,21.5
6,1225,21.8
6,1250,22.2
6,1275,22.5
6,1300,22.9
6,1325,23.2
6,1350,23.6
6,1375,23.9
6,1400,24.3
6,1425,24.7
6,1450,25
6,1475,25.4
6,1500,25.7
6,1525,26.1
6,1550,26.4
6,1575,26.8
6,1600,27.1
6,1625,27.5
6,1650,27.8
6,1675,28.2
6,1700,28.5
6,1725,28.8
6,1750,29.2
6,1775,29.5
6,1800,29.9
6,1825,30.2
6,1850,30.6
6,1875,30.9
6,1900,31.3
6,1925,31.6
6,1950,32
6,1975,32.3
6,2000,32.7
6,2025,33
6,2050,33.3
6,2075,33.7
6,2100,34
6,2125,34.3
6,2150,34.7
6,2175,35
6,2200,35.4
6,2225,35.7
6,2250,36.1
6,2275,36.4
6,2300,36.7
6,2325,37.1
6,2350,37.4
6,2375,37.8
6,2400,38.1
6,2425,38.5
6,2450,38.8
6,2475,39.1
6,2500,39.5
6,2525,39.8
6,2550,40.1
6,2575,40.5
6,2600,40.8
6,2625,41.2
6,2650,41.5
6,2675,41.8
6,2700,42.1
6,2725,42.5
6,2750,42.8
6,2775,43.2
6,2800,43.5
6,2825,43.8
6,2850,44.2
6,2875,44.5
6,2900,44.8
6,2925,45.2
6,2950,45.5
6,2975,45.8
6,3000,46.2
6,3025,46.5
6,3050,46.9
6,3075,47.2
6,3100,47.5
6,3125,47.9
6,3150,48.2
6,3175,48.5
6,3200,48.9
6,3225,49.2
6,3250,49.5
6,3275,49.9
6,3300,50.2
6,3325,50.5
6,3350,50.9
6,3375,51.2
6,3400,51.5
6,3425,51.9
6,3450,52.2
6,3475,52.5
6,3500,52.9
6,3525,53.2
6,3550,53.5
6,3575,53.9
6,3600,54.2
6,3625,54.5
6,3650,54.8
6,3675,55.2
6,3700,55.5
6,3725,55.9
6,3750,56.2
6,3775,56.5
6,3800,56.9
6,3825,57.2
6,3850,57.5
6,3875,57.8
6,3900,58.2
6,3925,58.5
6,3950,58.8
6,3975,59.2
6,4000,59.5
6,4025,59.8
6,4050,60.2
6,4075,60.5
6,4100,60.8
6,4125,61.1
6,4150,61.5
6,4175,61.8
6,4200,62.1
6,4225,62.5
6,4250,62.8
6,4275,63.1
6,4300,63.4
6,4325,63.8
6,4350,64.1
6,4375,64.4
6,4400,64.8
6,4425,65.1
6,4450,65.4
6,4475,65.8
6,4500,66.1
6,4525,66.4
6,4550,66.7
6,4575,67.1
6,4600,67.4
6,4625,67.7
6,4650,68.1
6,4675,68.4
6,4700,68.7
6,4725,69
6,4750,69.4
6,4775,69.7
6,4800,70
6,4825,70.3
6,4850,70.7
6,4875,71
6,4900,71.3
6,4925,71.7
6,4950,72
6,4975,72.3
6,5000,72.6
6,5025,73
6,5050,73.3
6,5075,73.6
6,5100,73.9
6,5125,74.3
6,5150,74.6
6,5175,74.9
6,5200,75.2
6,5225,75.6
6,5250,75.9
6,5275,76.2
6,5300,76.5
6,5325,76.8
6,5350,77.2
6,5375,77.5
6,5400,77.8
6,5425,78.1
6,5450,78.5
6,5475,78.8
6,5500,79.1
6,5525,79.4
6,5550,79.8
6,5575,80.1
6,5600,80.4
6,5625,80.7
6,5650,81
6,5675,81.4
6,5700,81.7
6,5725,82
6,5750,82.3
6,5775,82.6
6,5800,83
6,5825,83.3
6,5850,83.6
6,5875,83.9
6,5900,84.2
6,5925,84.5
6,5950,84.9
6,5975,85.1
6,6000,85.5
6,6025,85.8
6,6050,86.1
6,6075,86.4
6,6100,86.7
6,6125,87.1
6,6150,87.4
6,6175,87.7
6,6200,88
6,6225,88.3
6,6250,88.6
6,6275,88.9
6,6300,89.2
6,6325,89.5
6,6350,89.9
6,6375,90.1
6,6400,90.5
6,6425,90.8
6,6450,91.1
6,6475,91.4
6,6500,91.7
6,6525,92
6,6550,92.3
6,6575,92.6
6,6600,92.9
6,6625,93.2
6,6650,93.6
6,6675,93.8
6,6700,94.2
6,6725,94.4
6,6750,94.8
6,6775,95
6,6800,95.4
6,6825,95.7
6,6850,96
6,6875,96.3
6,6900,96.5
6,6925,96.9
6,6950,97.1
6,6975,97.5
6,7000,97.8
6,7025,98
6,7050,98.4
6,7075,98.6
6,7100,98.9
6,7125,99.2
6,7150,99.5
6,7175,99.8
6,7200,100.1
7,0,0
7,1,0.8
7,2,1.1
7,3,1.3
7,4,1.6
7,5,1.8
7,6,1.9
7,7,2.1
7,8,2.3
7,9,2.4
7,10,2.6
7,15,3.2
7,20,3.8
7,25,4.3
7,30,4.8
7,35,5.3
7,40,5.8
7,45,6.2
7,50,6.6
7,55,7
7,60,7.4
7,65,7.8
7,70,8.2
7,75,8.6
7,80,9
7,85,9.4
7,90,9.8
7,95,10.2
7,100,10.5
7,125,12.4
7,150,14.3
7,175,16.1
7,200,18
7,225,19.8
7,250,21.7
7,275,23.5
7,300,25.3
7,325,27.1
7,350,28.9
7,375,30.8
7,400,32.6
7,425,34.4
7,450,36.2
7,475,38
7,500,39.8
7,525,41.6
7,550,43.4
7,575,45.2
7,600,47
7,625,48.8
7,650,50.6
7,675,52.4
7,700,54.2
7,725,56
7,750,57.8
7,775,59.6
7,800,61.4
7,825,63.2
7,850,65
7,875,66.7
7,900,68.5
7,925,70.3
7,950,72.1
8,0,0
8,1,0.8
8,2,1.2
8,3,1.5
8,4,1.7
8,5,1.9
8,6,2.1
8,7,2.3
8,8,2.5
8,9,2.6
8,10,2.8
8,15,3.5
8,20,4.1
8,25,4.7
8,30,5.3
8,35,5.8
8,40,6.3
8,45,6.8
8,50,7.3
8,55,7.7
8,60,8.2
8,65,8.6
8,70,9.1
8,75,9.5
8,80,10
8,85,10.4
8,90,10.9
8,95,11.3
8,100,11.8
8,125,14
8,150,16.2
8,175,18.3
8,200,20.5
8,225,22.7
8,250,24.8
8,275,27
8,300,29.1
8,325,31.3
8,350,33.4
8,375,35.5
8,400,37.7
8,425,39.8
8,450,41.9
8,475,44.1
8,500,46.2
8,525,48.3
8,550,50.4
8,575,52.6
8,600,54.7
8,625,56.8
8,650,58.9
8,675,61
8,700,63.2
8,725,65.3
8,750,67.4
8,775,69.5
8,800,71.7
8,825,73.8
8,850,75.9
8,875,78
8,900,80.1
8,925,82.3
8,950,84.4
8,975,86.5
8,1000,88.6
8,1025,90.7
8,1050,92.9
8,1075,95
8,1100,97.1
8,1125,99.2
8,1150,101.3
8,1175,103.5
8,1200,105.6
8,1225,107.7
8,1250,109.8
8,1275,111.9
8,1300,114.1
8,1325,116.2
8,1350,118.3
8,1375,120.4
8,1400,122.5
8,1425,124.7
8,1450,126.8
8,1475,128.9
8,1500,131
8,1525,133.1
8,1550,135.2
8,1575,137.4
8,1600,139.5
8,1625,141.6
8,1650,143.6
8,1675,145.7
8,1700,147.7
8,1725,149.8
8,1750,151.8
8,1775,153.7
8,1800,155.7
8,1825,157.6
8,1850,159.5
8,1875,161.4
8,1900,163.2
8,1925,165.1
8,1950,166.9
8,1975,168.7
8,2000,170.5
8,2025,172.2
8,2050,174
8,2075,175.7
8,2100,177.4
8,2125,179.1
9,0,0
9,1,0.3
9,2,0.4
9,3,0.5
9,4,0.5
9,5,0.6
9,6,0.6
9,7,0.7
9,8,0.7
9,9,0.8
9,10,0.8
9,15,1
9,20,1.1
9,25,1.3
9,30,1.4
9,35,1.5
9,40,1.6
9,45,1.7
9,50,1.8
9,55,1.9
9,60,2
9,65,2.1
9,70,2.2
9,75,2.2
9,80,2.3
9,85,2.4
9,90,2.4
9,95,2.5
9,100,2.6
9,125,2.9
9,150,3.2
9,175,3.4
9,200,3.7
9,225,3.9
9,250,4.2
9,275,4.4
9,300,4.6
9,325,4.8
9,350,5
9,375,5.2
9,400,5.3
9,425,5.5
9,450,5.7
9,475,5.8
9,500,6
9,525,6.2
9,550,6.3
9,575,6.5
9,600,6.6
9,625,6.8
9,650,6.9
9,675,7.1
9,700,7.2
9,725,7.4
9,750,7.5
9,775,7.6
9,800,7.8
9,825,7.9
9,850,8
9,875,8.2
9,900,8.3
9,925,8.4
9,950,8.5
9,975,8.7
9,1000,8.8
9,1025,8.9
9,1050,9
9,1075,9.2
9,1100,9.3
9,1125,9.4
9,1150,9.5
9,1175,9.6
9,1200,9.7
9,1225,9.9
9,1250,10
9,1275,10.1
9,1300,10.2
9,1325,10.3
9,1350,10.4
9,1375,10.5
9,1400,10.6
9,1425,10.7
9,1450,10.8
9,1475,10.9
9,1500,11
9,1525,11.2
9,1550,11.3
9,1575,11.4
9,1600,11.5
9,1625,11.6
9,1650,11.7
9,1675,11.8
9,1700,11.9
9,1725,12
9,1750,12.1
9,1775,12.2
9,1800,12.3
9,1825,12.4
9,1850,12.5
9,1875,12.6
9,1900,12.7
9,1925,12.8
9,1950,12.8
9,1975,12.9
9,2000,13
9,2025,13.1
9,2050,13.2
9,2075,13.3
9,2100,13.4
9,2125,13.5
9,2150,13.6
9,2175,13.7
9,2200,13.8
9,2225,13.9
9,2250,14
9,2275,14.1
9,2300,14.1
9,2325,14.2
9,2350,14.3
9,2375,14.4
9,2400,14.5
9,2425,14.6
9,2450,14.7
9,2475,14.8
9,2500,14.9
9,2525,14.9
9,2550,15
9,2575,15.1
9,2600,15.2
9,2625,15.3
9,2650,15.4
9,2675,15.5
9,2700,15.5
9,2725,15.6
9,2750,15.7
9,2775,15.8
9,2800,15.9
9,2825,16
9,2850,16.1
9,2875,16.1
9,2900,16.2
9,2925,16.3
9,2950,16.4
9,2975,16.5
9,3000,16.5
9,3025,16.6
9,3050,16.7
9,3075,16.8
9,3100,16.9
9,3125,17
9,3150,17
9,3175,17.1
9,3200,17.2
9,3225,17.3
9,3250,17.4
9,3275,17.4
9,3300,17.5
9,3325,17.6
9,3350,17.7
9,3375,17.8
9,3400,17.8
9,3425,17.9
9,3450,18
9,3475,18.1
9,3500,18.2
9,3525,18.2
9,3550,18.3
9,3575,18.4
9,3600,18.5
9,3650,18.6
9,3700,18.8
9,3750,18.9
9,3800,19.1
9,3850,19.2
9,3900,19.4
9,3950,19.5
9,4000,19.7
9,4050,19.8
9,4100,20
9,4150,20.1
9,4200,20.3
9,4250,20.4
9,4300,20.6
9,4350,20.7
9,4400,20.9
9,4450,21
9,4500,21.2
9,4550,21.3
9,4600,21.5
9,4650,21.6
9,4700,21.7
9,4750,21.9
9,4800,22
9,4850,22.2
9,4900,22.3
9,4950,22.5
9,5000,22.6
9,5050,22.7
9,5100,22.9
9,5150,23
9,5200,23.2
9,5250,23.3
9,5300,23.4
9,5350,23.6
9,5400,23.7
9,5450,23.8
9,5500,24
9,5550,24.1
9,5600,24.2
9,5650,24.4
9,5700,24.5
9,5750,24.7
9,5800,24.8
9,5850,24.9
9,5900,25.1
9,5950,25.2
9,6000,25.3
9,6050,25.5
9,6100,25.6
9,6150,25.7
9,6200,25.9
9,6250,26
9,6300,26.1
9,6350,26.3
9,6400,26.4
9,6450,26.5
9,6500,26.6
9,6550,26.8
9,6600,26.9
9,6650,27
9,6700,27.2
9,6750,27.3
9,6800,27.4
9,6850,27.6
9,6900,27.7
9,6950,27.8
9,7000,27.9
9,7050,28.1
9,7100,28.2
9,7150,28.3
9,7200,28.4
9,7250,28.6
9,7300,28.7
9,7350,28.8
9,7400,29
9,7450,29.1
9,7500,29.2
9,7550,29.3
9,7600,29.5
9,7650,29.6
9,7700,29.7
9,7750,29.8
9,7800,29.9
9,7850,30.1
9,7900,30.2
9,7950,30.3
9,8000,30.4
9,8050,30.6
9,8100,30.7
9,8150,30.8
9,8200,30.9
9,8250,31.1
9,8300,31.2
9,8350,31.3
9,8400,31.4
9,8450,31.5
9,8500,31.7
9,8550,31.8
9,8600,31.9
9,8650,32
9,8700,32.2
9,8750,32.3
9,8800,32.4
9,8850,32.5
9,8900,32.6
9,8950,32.8
9,9000,32.9
9,9050,33
9,9100,33.1
9,9150,33.2
9,9200,33.4
9,9250,33.5
9,9300,33.6
9,9350,33.7
9,9400,33.8
9,9450,33.9
9,9500,34.1
9,9550,34.2
9,9600,34.3
9,9650,34.4
9,9700,34.5
9,9750,34.7
9,9800,34.8
9,9850,34.9
9,9900,35
9,9950,35.1
9,10000,35.2
9,10050,35.4
9,10100,35.5
9,10150,35.6
9,10200,35.7
9,10250,35.8
9,10300,35.9
9,10350,36.1
9,10400,36.2
9,10450,36.3
9,10500,36.4
9,10550,36.5
9,10600,36.6
9,10650,36.7
9,10700,36.9
9,10750,37
9,10800,37.1
9,10850,37.2
9,10900,37.3
9,10950,37.4
9,11000,37.5
9,11050,37.7
9,11100,37.8
9,11150,37.9
9,11200,38
9,11250,38.1
9,11300,38.2
9,11350,38.3
9,11400,38.5
9,11450,38.6
9,11500,38.7
9,11550,38.8
9,11600,38.9
9,11650,39
9,11700,39.1
9,11750,39.2
9,11800,39.4
9,11850,39.5
9,11900,39.6
9,11950,39.7
9,12000,39.8
9,12050,39.9
9,12100,40
9,12150,40.1
9,12200,40.2
9,12250,40.4
9,12300,40.5
9,12350,40.6
9,12400,40.7
9,12450,40.8
9,12500,40.9
9,12550,41
9,12600,41.1
9,12650,41.2
9,12700,41.4
9,12750,41.5
9,12800,41.6
9,12850,41.7
9,12900,41.8
9,12950,41.9
9,13000,42
9,13050,42.1
9,13100,42.2
9,13150,42.3
9,13200,42.5
9,13250,42.6
9,13300,42.7
9,13350,42.8
9,13400,42.9
9,13450,43
9,13500,43.1
9,13550,43.2
9,13600,43.3
9,13650,43.4
9,13700,43.5
9,13750,43.7
9,13800,43.8
9,13850,43.9
9,13900,44
9,13950,44.1
9,14000,44.2
9,14050,44.3
9,14100,44.4
9,14150,44.5
9,14200,44.6
9,14250,44.7
9,14300,44.8
9,14350,44.9
9,14400,45.1
9,14450,45.2
9,14500,45.3
9,14550,45.4
9,14600,45.5
9,14650,45.6
9,14700,45.7
9,14750,45.8
9,14800,45.9
9,14850,46
9,14900,46.1
9,14950,46.2
9,15000,46.3
9,15050,46.4
9,15100,46.5
9,15150,46.7
9,15200,46.8
9,15250,46.9
9,15300,47
9,15350,47.1
9,15400,47.2
9,15450,47.3
9,15500,47.4
9,15550,47.5
9,15600,47.6
9,15650,47.7
9,15700,47.8
9,15750,47.9
9,15800,48
9,15850,48.1
9,15900,48.2
9,15950,48.3
9,16000,48.4
9,16050,48.6
9,16100,48.7
9,16150,48.8
9,16200,48.9
9,16250,49
9,16300,49.1
9,16350,49.2
9,16400,49.3
9,16450,49.4
9,16500,49.5
9,16550,49.6
9,16600,49.7
9,16650,49.8
9,16700,49.9
9,16750,50
9,16800,50.1
9,16850,50.2
9,16900,50.3
9,16950,50.4
9,17000,50.5
9,17050,50.6
9,17100,50.7
9,17150,50.8
9,17200,50.9
9,17250,51.1
9,17300,51.2
9,17350,51.3
9,17400,51.4
9,17450,51.5
9,17500,51.6
9,17550,51.7
9,17600,51.8
9,17650,51.9
9,17700,52
9,17750,52.1
9,17800,52.2
9,17850,52.3
9,17900,52.4
9,17950,52.5
10,0,0
10,1,0.3
10,2,0.3
10,3,0.4
10,4,0.5
10,5,0.5
10,6,0.6
10,7,0.6
10,8,0.7
10,9,0.7
10,10,0.8
10,15,0.9
10,20,1.1
10,25,1.2
10,30,1.3
10,35,1.4
10,40,1.5
10,45,1.6
10,50,1.7
10,55,1.8
10,60,1.9
10,65,2
10,70,2
10,75,2.1
10,80,2.2
10,85,2.3
10,90,2.3
10,95,2.4
10,100,2.5
10,125,2.8
10,150,3.1
10,175,3.3
10,200,3.6
10,225,3.8
10,250,4.1
10,275,4.3
10,300,4.5
10,325,4.7
10,350,5
10,375,5.2
10,400,5.4
10,425,5.6
10,450,5.8
10,475,6
10,500,6.2
10,525,6.4
10,550,6.7
10,575,6.9
10,600,7.1
10,625,7.3
10,650,7.5
10,675,7.7
10,700,7.9
10,725,8.1
10,750,8.4
10,775,8.5
10,800,8.8
10,825,9
10,850,9.2
10,875,9.4
10,900,9.6
10,925,9.8
10,950,10
10,975,10.2
10,1000,10.4
10,1025,10.6
10,1050,10.8
10,1075,11
10,1100,11.3
10,1125,11.4
10,1150,11.7
10,1175,11.9
10,1200,12.1
10,1225,12.3
10,1250,12.5
10,1275,12.7
10,1300,12.9
10,1325,13.1
10,1350,13.3
10,1375,13.5
10,1400,13.7
10,1425,13.9
10,1450,14.1
10,1475,14.3
10,1500,14.5
10,1525,14.7
10,1550,14.9
10,1575,15.1
10,1600,15.4
10,1625,15.5
10,1650,15.7
10,1675,16
10,1700,16.2
10,1725,16.4
10,1750,16.6
10,1775,16.8
10,1800,17
10,1825,17.2
10,1850,17.4
10,1875,17.6
10,1900,17.8
10,1925,18
10,1950,18.2
10,1975,18.4
10,2000,18.6
10,2025,18.8
10,2050,19
10,2075,19.2
10,2100,19.4
10,2125,19.6
10,2150,19.8
10,2175,20
10,2200,20.2
10,2225,20.4
10,2250,20.6
10,2275,20.8
10,2300,21
10,2325,21.2
10,2350,21.4
10,2375,21.6
10,2400,21.8
10,2425,22
10,2450,22.2
10,2475,22.4
10,2500,22.6
10,2525,22.8
10,2550,23
10,2575,23.3
10,2600,23.4
10,2625,23.6
10,2650,23.9
10,2675,24
10,2700,24.2
10,2725,24.5
10,2750,24.7
10,2775,24.8
10,2800,25.1
10,2825,25.3
10,2850,25.4
10,2875,25.7
10,2900,25.9
10,2925,26.1
10,2950,26.3
10,2975,26.5
10,3000,26.7
10,3025,26.8
10,3050,27.1
10,3075,27.3
10,3100,27.5
10,3125,27.7
10,3150,27.9
10,3175,28.1
10,3200,28.3
10,3225,28.5
10,3250,28.7
10,3275,28.9
10,3300,29.1
10,3325,29.3
10,3350,29.5
10,3375,29.7
10,3400,29.9
10,3425,30.1
10,3450,30.3
10,3475,30.5
10,3500,30.7
10,3525,30.9
10,3550,31.1
10,3575,31.3
10,3600,31.5
10,3625,31.7
10,3650,31.9
10,3675,32.1
10,3700,32.3
10,3725,32.5
10,3750,32.7
10,3775,32.9
10,3800,33.1
10,3825,33.3
10,3850,33.5
10,3875,33.7
10,3900,33.9
10,3925,34.1
10,3950,34.3
10,3975,34.5
10,4000,34.7
10,4025,34.9
10,4050,35.1
10,4075,35.3
10,4100,35.5
10,4125,35.7
10,4150,35.9
10,4175,36.1
10,4200,36.3
10,4225,36.5
10,4250,36.7
10,4275,36.9
10,4300,37.1
10,4325,37.3
10,4350,37.5
10,4375,37.7
10,4400,37.9
10,4425,38.1
10,4450,38.3
10,4475,38.5
10,4500,38.7
10,4525,38.9
10,4550,39.1
10,4575,39.3
10,4600,39.5
10,4625,39.7
10,4650,39.9
10,4675,40.1
10,4700,40.3
10,4725,40.5
10,4750,40.7
10,4775,40.9
10,4800,41.1
10,4825,41.3
10,4850,41.5
10,4875,41.7
10,4900,41.9
10,4925,42.1
10,4950,42.3
10,4975,42.5
10,5000,42.7
10,5025,42.9
10,5050,43.1
10,5075,43.3
10,5100,43.5
10,5125,43.7
10,5150,43.8
10,5175,44.1
10,5200,44.3
10,5225,44.5
10,5250,44.6
10,5275,44.9
10,5300,45.1
10,5325,45.2
10,5350,45.4
10,5375,45.6
10,5400,45.9
10,5425,46
10,5450,46.2
10,5475,46.4
10,5500,46.6
10,5525,46.8
10,5550,47
10,5575,47.2
10,5600,47.4
10,5625,47.6
10,5650,47.8
10,5675,48
10,5700,48.2
10,5725,48.4
10,5750,48.6
10,5775,48.8
10,5800,49
10,5825,49.2
10,5850,49.4
10,5875,49.6
10,5900,49.8
10,5925,50
10,5950,50.1
10,5975,50.3
10,6000,50.5
10,6025,50.8
10,6050,50.9
10,6075,51.1
10,6100,51.3
10,6125,51.5
10,6150,51.7
10,6175,51.9
10,6200,52.1
10,6225,52.3
10,6250,52.5
10,6275,52.7
10,6300,52.9
10,6325,53
10,6350,53.2
10,6375,53.4
10,6400,53.6
10,6425,53.8
10,6450,54
10,6475,54.2
10,6500,54.4
10,6525,54.6
10,6550,54.8
10,6575,55
10,6600,55.1
10,6625,55.3
10,6650,55.5
10,6675,55.7
10,6700,55.9
10,6725,56.1
10,6750,56.3
10,6775,56.5
10,6800,56.7
10,6825,56.9
10,6850,57.1
10,6875,57.2
10,6900,57.4
10,6925,57.6
10,6950,57.8
10,6975,58
10,7000,58.2
10,7025,58.4
10,7050,58.6
10,7075,58.7
10,7100,58.9
10,7125,59.1
10,7150,59.3
10,7175,59.5
10,7200,59.7
10,7225,59.9
10,7250,60
10,7275,60.2
10,7300,60.4
10,7325,60.6
10,7350,60.8
10,7375,61
10,7400,61.2
10,7425,61.4
10,7450,61.6
10,7475,61.7
10,7500,61.9
10,7525,62.1
10,7550,62.3
10,7575,62.5
10,7600,62.7
10,7625,62.9
10,7650,63
10,7675,63.2
10,7700,63.4
10,7725,63.6
10,7750,63.8
10,7775,64
10,7800,64.2
10,7825,64.3
10,7850,64.5
10,7875,64.7
10,7900,64.9
10,7925,65.1
10,7950,65.3
10,7975,65.5
10,8000,65.7
10,8025,65.8
10,8050,66
10,8075,66.2
10,8100,66.4
10,8125,66.6
10,8150,66.8
10,8175,66.9
10,8200,67.1
10,8225,67.3
10,8250,67.5
10,8275,67.7
10,8300,67.8
10,8325,68
10,8350,68.2
10,8375,68.4
10,8400,68.6
10,8425,68.8
10,8450,69
10,8475,69.2
10,8500,69.3
10,8525,69.5
10,8550,69.7
10,8575,69.9
10,8600,70.1
10,8625,70.2
10,8650,70.4
10,8675,70.6
10,8700,70.8
10,8725,71
10,8750,71.2
10,8775,71.3
10,8800,71.5
10,8825,71.7
10,8850,71.9
10,8875,72.1
10,8900,72.3
10,8925,72.4
10,8950,72.6
10,8975,72.8
10,9000,73
10,9025,73.2
10,9050,73.4
10,9075,73.5
10,9100,73.7
10,9125,73.9
10,9150,74.1
10,9175,74.3
10,9200,74.4
10,9225,74.6
10,9250,74.8
10,9275,75
10,9300,75.2
10,9325,75.4
10,9350,75.6
10,9375,75.7
10,9400,75.9
10,9425,76.1
10,9450,76.3
10,9475,76.4
10,9500,76.6
10,9525,76.8
10,9550,77
10,9575,77.2
10,9600,77.3
10,9625,77.5
10,9650,77.7
10,9675,77.9
10,9700,78.1
10,9725,78.3
10,9750,78.4
10,9775,78.6
10,9800,78.8
10,9825,79
10,9850,79.1
10,9875,79.3
10,9900,79.5
10,9925,79.7
10,9950,79.9
10,9975,80.1
10,10000,80.2
10,10025,80.4
10,10050,80.6
10,10075,80.8
10,10100,81
10,10125,81.2
10,10150,81.3
10,10175,81.5
10,10200,81.7
10,10225,81.9
10,10250,82
10,10275,82.2
10,10300,82.4
10,10325,82.6
10,10350,82.7
10,10375,82.9
10,10400,83.1
10,10425,83.3
10,10450,83.5
10,10475,83.7
10,10500,83.8
10,10525,84
10,10550,84.2
10,10575,84.4
10,10600,84.6
10,10625,84.7
10,10650,84.9
10,10675,85.1
10,10700,85.3
10,10725,85.5
10,10750,85.6
10,10775,85.8
10,10800,86
10,10825,86.2
10,10850,86.3
10,10875,86.5
10,10900,86.7
10,10925,86.9
10,10950,87
10,10975,87.2
10,11000,87.4
10,11025,87.6
10,11050,87.8
10,11075,87.9
10,11100,88.1
10,11125,88.3
10,11150,88.5
10,11175,88.7
10,11200,88.8
10,11225,89
10,11250,89.2
10,11275,89.4
10,11300,89.6
10,11325,89.7
10,11350,89.9
10,11375,90.1
10,11400,90.3
10,11425,90.4
10,11450,90.6
10,11475,90.8
10,11500,91
10,11525,91.1
10,11550,91.3
10,11575,91.5
10,11600,91.7
10,11625,91.8
10,11650,92
10,11675,92.2
10,11700,92.4
10,11725,92.5
10,11750,92.7
10,11775,92.9
10,11800,93.1
10,11825,93.3
10,11850,93.4
10,11875,93.6
10,11900,93.8
11,0,0
11,1,0.3
11,2,0.4
11,3,0.5
11,4,0.6
11,5,0.7
11,6,0.7
11,7,0.8
11,8,0.8
11,9,0.9
11,10,0.9
11,15,1.1
11,20,1.3
11,25,1.5
11,30,1.6
11,35,1.7
11,40,1.9
11,45,2
11,50,2.1
11,55,2.2
11,60,2.3
11,65,2.4
11,70,2.5
11,75,2.6
11,80,2.7
11,85,2.7
11,90,2.8
11,95,2.9
11,100,3
11,125,3.4
11,150,3.7
11,175,4
11,200,4.3
11,225,4.6
11,250,4.9
11,275,5.1
11,300,5.4
11,325,5.6
11,350,5.8
11,375,6
11,400,6.3
11,425,6.5
11,450,6.7
11,475,6.9
11,500,7.1
11,525,7.3
11,550,7.5
11,575,7.7
11,600,7.9
11,625,8
11,650,8.2
11,675,8.4
11,700,8.6
11,725,8.7
11,750,8.9
11,775,9.1
11,800,9.3
11,825,9.4
11,850,9.6
11,875,9.7
11,900,9.9
11,925,10.1
11,950,10.2
11,975,10.4
11,1000,10.5
11,1025,10.7
11,1050,10.8
11,1075,11
11,1100,11.1
11,1125,11.3
11,1150,11.4
11,1175,11.6
11,1200,11.7
11,1225,11.9
11,1250,12
11,1275,12.1
11,1300,12.3
11,1325,12.4
11,1350,12.6
11,1375,12.7
11,1400,12.8
11,1425,13
11,1450,13.1
11,1475,13.3
11,1500,13.4
11,1525,13.5
11,1550,13.7
11,1575,13.8
11,1600,13.9
11,1625,14.1
11,1650,14.2
11,1675,14.3
11,1700,14.5
11,1725,14.6
11,1750,14.8
11,1775,14.9
11,1800,15
11,1825,15.2
11,1850,15.3
11,1875,15.4
11,1900,15.6
11,1925,15.7
11,1950,15.8
11,1975,16
11,2000,16.1
11,2025,16.2
11,2050,16.3
11,2075,16.5
11,2100,16.6
11,2125,16.7
11,2150,16.9
11,2175,17
11,2200,17.1
11,2225,17.3
11,2250,17.4
11,2275,17.5
11,2300,17.7
11,2325,17.8
11,2350,17.9
11,2375,18
11,2400,18.2
11,2425,18.3
11,2450,18.4
11,2475,18.6
11,2500,18.7
11,2525,18.8
11,2550,18.9
11,2575,19.1
11,2600,19.2
11,2625,19.3
11,2650,19.5
11,2675,19.6
11,2700,19.7
11,2725,19.8
11,2750,20
11,2775,20.1
11,2800,20.2
11,2825,20.3
11,2850,20.5
11,2875,20.6
11,2900,20.7
11,2925,20.9
11,2950,21
11,2975,21.1
11,3000,21.2
11,3025,21.4
11,3050,21.5
11,3075,21.6
11,3100,21.7
11,3125,21.9
11,3150,22
11,3175,22.1
11,3200,22.2
11,3225,22.4
11,3250,22.5
11,3275,22.6
11,3300,22.7
11,3325,22.9
11,3350,23
11,3375,23.1
11,3400,23.2
11,3425,23.4
11,3450,23.5
11,3475,23.6
11,3500,23.7
11,3525,23.9
11,3550,24
11,3575,24.1
11,3600,24.2
11,3625,24.4
11,3650,24.5
11,3675,24.6
11,3700,24.7
11,3725,24.9
11,3750,25
11,3775,25.1
11,3800,25.2
11,3825,25.3
11,3850,25.5
11,3875,25.6
11,3900,25.7
11,3925,25.8
11,3950,26
11,3975,26.1
11,4000,26.2
11,4025,26.3
11,4050,26.5
11,4075,26.6
11,4100,26.7
11,4125,26.8
11,4150,26.9
11,4175,27.1
11,4200,27.2
11,4225,27.3
11,4250,27.4
11,4275,27.6
11,4300,27.7
11,4325,27.8
11,4350,27.9
11,4375,28
11,4400,28.2
11,4425,28.3
11,4450,28.4
11,4475,28.5
11,4500,28.6
11,4525,28.8
11,4550,28.9
11,4575,29
11,4600,29.1
11,4625,29.3
11,4650,29.4
11,4675,29.5
11,4700,29.6
11,4725,29.7
11,4750,29.9
11,4775,30
11,4800,30.1
11,4825,30.2
11,4850,30.3
11,4875,30.5
11,4900,30.6
11,4925,30.7
11,4950,30.8
11,4975,30.9
11,5000,31.1
11,5025,31.2
11,5050,31.3
11,5075,31.4
11,5100,31.6
11,5125,31.7
11,5150,31.8
11,5175,31.9
11,5200,32
11,5225,32.2
11,5250,32.3
11,5275,32.4
11,5300,32.5
11,5325,32.6
11,5350,32.8
11,5375,32.9
11,5400,33
11,5425,33.1
11,5450,33.2
11,5475,33.4
11,5500,33.5
11,5525,33.6
11,5550,33.7
11,5575,33.8
11,5600,34
11,5625,34.1
11,5650,34.2
11,5675,34.3
11,5700,34.4
11,5725,34.6
11,5750,34.7
11,5775,34.8
11,5800,34.9
11,5825,35
11,5850,35.2
11,5875,35.3
11,5900,35.4
11,5925,35.5
11,5950,35.6
11,5975,35.7
11,6000,35.9
11,6025,36
11,6050,36.1
11,6075,36.2
11,6100,36.3
11,6125,36.5
11,6150,36.6
11,6175,36.7
11,6200,36.8
11,6225,36.9
11,6250,37.1
11,6275,37.2
11,6300,37.3
11,6325,37.4
11,6350,37.5
11,6375,37.6
11,6400,37.8
11,6425,37.9
11,6450,38
11,6475,38.1
11,6500,38.2
11,6525,38.4
11,6550,38.5
11,6575,38.6
11,6600,38.7
11,6625,38.8
11,6650,39
11,6675,39.1
11,6700,39.2
11,6725,39.3
11,6750,39.4
11,6775,39.5
11,6800,39.7
11,6825,39.8
11,6850,39.9
11,6875,40
11,6900,40.1
11,6925,40.3
11,6950,40.4
11,6975,40.5
11,7000,40.6
11,7025,40.7
11,7050,40.8
11,7075,41
11,7100,41.1
11,7125,41.2
11,7150,41.3
11,7175,41.4
11,7200,41.5
11,7225,41.7
11,7250,41.8
11,7275,41.9
11,7300,42
11,7325,42.1
11,7350,42.3
11,7375,42.4
11,7400,42.5
11,7425,42.6
11,7450,42.7
11,7475,42.8
11,7500,43
11,7525,43.1
11,7550,43.2
11,7575,43.3
11,7600,43.4
11,7625,43.5
11,7650,43.7
11,7675,43.8
11,7700,43.9
11,7725,44
11,7750,44.1
11,7775,44.2
11,7800,44.4
11,7825,44.5
11,7850,44.6
11,7875,44.7
11,7900,44.8
11,7925,45
11,7950,45.1
11,7975,45.2
11,8000,45.3
11,8025,45.4
11,8050,45.5
11,8075,45.7
11,8100,45.8
11,8125,45.9
11,8150,46
11,8175,46.1
11,8200,46.2
11,8225,46.4
11,8250,46.5
11,8275,46.6
11,8300,46.7
11,8325,46.8
11,8350,46.9
11,8375,47.1
11,8400,47.2
11,8425,47.3
11,8450,47.4
11,8475,47.5
11,8500,47.6
11,8525,47.8
11,8550,47.9
11,8575,48
11,8600,48.1
11,8625,48.2
11,8650,48.3
11,8675,48.5
11,8700,48.6
11,8725,48.7
11,8750,48.8
11,8775,48.9
11,8800,49
11,8825,49.2
11,8850,49.3
11,8875,49.4
11,8900,49.5
11,8925,49.6
11,8950,49.7
11,8975,49.8
11,9000,50
11,9025,50.1
11,9050,50.2
11,9075,50.3
11,9100,50.4
11,9125,50.5
11,9150,50.7
11,9175,50.8
11,9200,50.9
11,9225,51
11,9250,51.1
11,9275,51.2
11,9300,51.4
11,9325,51.5
11,9350,51.6
11,9375,51.7
11,9400,51.8
11,9425,51.9
11,9450,52.1
11,9475,52.2
11,9500,52.3
11,9525,52.4
11,9550,52.5
11,9575,52.6
11,9600,52.8
11,9625,52.9
11,9650,53
11,9675,53.1
11,9700,53.2
11,9725,53.3
11,9750,53.4
11,9775,53.6
11,9800,53.7
11,9825,53.8
11,9850,53.9
11,9875,54
11,9900,54.1
11,9925,54.3
11,9950,54.4
11,9975,54.5
11,10000,54.6
11,10025,54.7
11,10050,54.8
11,10075,55
11,10100,55.1
11,10125,55.2
11,10150,55.3
11,10175,55.4
11,10200,55.5
11,10225,55.7
11,10250,55.8
11,10275,55.9
11,10300,56
11,10325,56.1
11,10350,56.2
11,10375,56.3
11,10400,56.5
11,10425,56.6
11,10450,56.7
11,10475,56.8
11,10500,56.9
11,10525,57
11,10550,57.2
11,10575,57.3
11,10600,57.4
11,10625,57.5
11,10650,57.6
11,10675,57.7
11,10700,57.8
11,10725,58
11,10750,58.1
11,10775,58.2
11,10800,58.3
11,10825,58.4
11,10850,58.5
11,10875,58.7
11,10900,58.8
11,10925,58.9
11,10950,59
11,10975,59.1
11,11000,59.2
11,11025,59.3
11,11050,59.5
11,11075,59.6
11,11100,59.7
11,11125,59.8
11,11150,59.9
11,11175,60
11,11200,60.2
11,11225,60.3
11,11250,60.4
11,11275,60.5
11,11300,60.6
11,11325,60.7
11,11350,60.8
11,11375,61
11,11400,61.1
11,11425,61.2
11,11450,61.3
11,11475,61.4
11,11500,61.5
11,11525,61.7
11,11550,61.8
11,11575,61.9
11,11600,62
11,11625,62.1
11,11650,62.2
11,11675,62.3
11,11700,62.5
11,11725,62.6
11,11750,62.7
11,11775,62.8
11,11800,62.9
11,11825,63
11,11850,63.1
11,11875,63.3
11,11900,63.4
